Latitude,Longitude,Depth,Magnitude
29.06,77.42,5,2.5
19.93,72.92,5,2.4
31.5,74.37,33,3.4
28.34,76.23,5,3.1
27.09,89.97,10,2.1
38.52,73.27,115,5.2
27.9,94.2,10,3
26.6,92.51,28,3.1
22.88,95.95,10,5.5
37.96,72.39,160,4.3
32.29,76.65,10,2.6
38.1,75.45,10,4.4
36.78,73.49,19,4.2
24.6,94.33,50,4.9
16,78.22,10,4
27.29,88.5,10,4
37.37,71.85,100,4.2
28.97,77.2,18,2.4
36.57,70.78,250,4.5
30.74,78.68,10,3.4
27.56,91.13,10,3.2
27.35,86.86,10,3.5
25.94,92.56,5,2.9
24.84,94.15,40,3.5
29.65,69.5,15,4.8
27.32,88.86,10,2.8
36.88,71.61,23,3.6
29.19,70.05,110,5.3
34.2,77.78,200,3.6
25.88,90.34,10,4.1
29.01,76.91,5,2.1
29.01,76.91,5,2.3
29.28,69.05,250,4.5
20.02,72.92,5,3.4
27.4,88.62,10,3.2
28.84,81.22,23,3.8
23.39,70.39,10,3.9
34.13,77.8,20,3.7
32.43,76.48,10,2.6
28.75,76.6,10,2.2
28.69,76.71,10,2.8
31.58,78.19,5,3.1
37.23,71.25,146,3.6
26.48,92.44,10,3.4
22.48,94.42,10,3.1
31.19,77.92,10,3.6
17.47,73.26,5,3.5
36.66,71.64,10,4
23.46,94.61,19,4.4
22.45,94.19,10,3.8
36.52,71.14,10,3.5
28.89,89,10,3.4
25.99,90.4,8,3.4
36.52,71.31,70,3.9
36.56,71.43,20,3.9
36.47,70.72,165,4.6
29.12,77.4,5,2.4
14.5,93.14,10,4.2
38.44,71.59,10,3.1
39.11,69.57,130,3.8
19.7,77.28,10,3
19.73,77.77,10,4.4
38.81,70.34,10,4.2
39.14,70.94,160,4.3
39.04,70.68,160,4.7
2.25,97.29,40,5.5
38.91,70.73,37,5.9
26.62,92.45,17,3.1
25.99,90.27,5,4.3
37.05,72,90,4.6
24.7,94.99,90,4.5
34.83,97.83,10,4.8
26.34,92.79,15,2.9
36.51,71.26,167,5.1
37.4,73.03,10,4.1
31.66,96.56,10,3.9
25.97,90.42,10,3.7
34.68,98.42,22,4.5
26.15,90.28,14,5.2
37.78,74.16,10,4.3
37.3,72.52,10,4.1
37.5,69.18,46,3.9
28.7,76.65,5,3.7
24.67,94.14,20,2.8
22.46,93.64,10,3.5
27.25,89.38,14,2.9
32.89,98.86,120,4.6
39.17,71.78,50,4.1
26.22,96.31,45,3.8
24.81,93.9,30,3.3
36.55,70.86,168,3.9
20.05,72.94,5,3.6
20.01,72.83,5,3.1
26.52,92.52,65,2.7
27.4,89.54,50,3.1
30.084,80.26,10,3.7
34.49,78.43,18,4.6
39.32,75.05,10,3.8
25.48,93.79,10,2.3
37.12,72.11,30,3.9
36.6,71.27,16,3.8
34.87,69.15,10,5.3
20.01,72.95,5,3.7
35.81,70.93,131,4.5
39.81,77.07,10,3.9
33.38,71.51,100,4.5
28.13,92.09,70,4.6
28.28,87.82,10,4
26.53,92.67,15,2.8
1.6,92.23,10,4.9
27,93.43,10,3
28.67,77.14,7,2.1
31.29,78.46,15,3.1
29.55,84.31,15,4.3
25.28,94.3,30,3.6
28.89,94.79,17,3.1
31.9,69.92,10,4.8
26.72,92.4,30,4.2
23.42,70.32,20,4
26.73,92.4,10,2.8
25.67,91.29,10,2.6
26.73,92.44,22,4.1
24.3,94.1,10,3
34.73,73.26,20,4.8
7.29,84.63,50,4.8
38.02,93.53,10,5.4
36.07,65.46,10,4.1
34.29,70.27,30,4.4
23.83,94,15,2.7
26.59,92.19,10,3
26.65,97,10,4.4
31.68,75.56,36,2.9
37.75,73.21,10,4
37.22,72.47,50,3.9
26.52,92.28,10,2.8
36.39,71.3,110,4
17.69,95.69,10,3.9
20.81,84.99,5,3.5
24.85,97.85,19,4.9
36.48,70.78,30,4.3
27.07,92.52,10,3.6
31.96,72.89,10,4.1
36.26,71.83,120,4.3
34.4,81.6,10,3.9
37.04,72.66,20,4.1
32.99,75.82,5,2.5
24.48,94.48,47,2.6
37.47,72.6,10,3.7
25.29,94.68,10,3.1
31.7,68.72,10,4.1
24.97,94.96,80,3.6
32.41,76.51,10,2.9
34.68,97.8,63,4.8
24.27,94.28,10,3.5
36.9,67.75,150,4.1
37.74,68.24,120,3.8
10.6,91.52,10,4.2
36.39,68.39,10,4.3
26.41,90.15,5,2.8
36.93,68.11,10,4.4
36.84,68.4,10,4.3
26.55,96.05,10,3.6
26.77,92.42,10,3.5
36.67,71.5,135,4.2
33.12,75.87,5,3.1
37.16,71.79,46,4.3
23.21,94.64,80,4.7
28.72,77.13,8,2.4
26.69,92.35,24,3.8
24.65,94.77,24,3.4
36.35,70.27,59,4.1
26.69,92.39,16,4.1
34.55,98.29,12,4.7
34.61,98.07,10,4.7
24.51,94.69,16,3.9
24.79,91.61,3.4,3.4
25.09,92.17,15,3
38.1,74.14,150,4.5
25.57,91.78,10,3.5
22.53,94.62,90,4.4
37.15,69.31,30,5.3
27.76,66.39,10,4.6
37.82,72.34,10,3.6
36.07,70.89,170,3.7
38.84,74.71,10,2.8
25.04,93.52,12,2.7
26.54,99.5,10,4
34.55,99.06,30,4.8
30.66,67.02,100,4.4
30.76,65.94,117,4.4
26.85,88.72,5,3.8
29.33,87,10,3.6
29.54,86.43,10,3.9
28.99,86.46,150,4.5
23.55,94.58,90,4.3
25.36,94.11,30,2.6
34.9,97.83,10,4.5
4.24,95.16,52,4.6
33.93,97.17,81,4.3
30.94,79.44,22,4.3
37.31,70.51,14,3.3
17.36,73.84,5,3.3
37.31,72.32,349,4.1
24.79,94.94,109,4.3
35.27,73.57,5,3.5
27.73,92.58,10,2.8
25.59,99.08,10,4.3
34.77,97.39,10,4.5
33.15,75.92,10,3.3
34.1,97.8,10,4.5
35.47,99.56,34,4.2
34.78,97.96,12,4.6
34.57,76.64,40,3.6
34.53,98.43,10,5
35.02,97.6,10,4.7
25.78,99.01,10,4.1
19.72,95.56,16,4.1
34.56,98.28,10,4.7
34.66,98.19,10,4.5
34.64,97.94,10,4.5
34.49,98.94,10,4.8
34.65,98.06,10,7
26.26,96.94,10,2.9
25.77,99.16,10,4
26.06,98.46,30,4.3
25.88,99.35,10,5
25.67,99.96,100,5.8
35.29,77.98,90,4.2
32.83,76.13,10,3.2
37.06,71.61,84,4
28.26,84.59,10,4.4
28.3,84.61,10,3.9
26.22,91.47,30,3.2
34.05,70.5,180,4.5
33.04,75.92,5,3.2
28.72,77.03,5,1.9
28.2,84.42,10,4.9
28.24,84.36,10,5.3
26.72,92.45,19,3.8
37.34,76.88,10,4.2
15.46,93.37,34,4.1
30.92,91.88,165,4.2
36.02,71.67,175,4.3
37.22,72.18,115,4
20.68,71.02,10,3.8
26.06,92.6,5,2.5
27.21,92.34,22,2.6
26.74,92.39,16,3.9
26.28,95.26,81,4.2
22.85,93.75,30,3.1
24.99,95.03,101,4.3
39.57,73.03,10,4.7
0.14,96.75,10,6.6
36.49,69.45,147,4.7
36.77,86.62,10,4.8
23.519,92.614,10,3.3
25.93,92.84,10,2.6
25.59,92.43,20,2.3
36.79,71.58,82,3.9
26.73,92.36,16,3.1
34.51,74.16,10,3.1
36.45,71.06,174,4.3
26.49,92.46,23,3
32.32,76.86,5,2.4
27.76,92.86,10,2.4
26.69,92.42,23,3.7
26.68,92.39,18,2.9
22.46,92.8,28,3.7
37.25,71.94,108,4.4
36.32,71.22,25,3.6
33.05,75.99,5,2.7
25.63,91.95,13,3.1
17.46,74.51,10,2.7
17.36,73.84,10,2.5
29.77,80.58,9,3.2
31.52,68.67,113,4.5
25.18,93.6,154,3.8
32.98,76.08,10,3
26.32,91.44,28,2.9
27.25,88.68,10,3.1
26.75,92.42,10,2.8
36.45,70.99,180,4.2
37.22,70.02,238,4.3
36.26,71.31,210,4.2
38.48,75.04,50,4.3
34.89,73.62,50,3.7
22.96,95.07,74,3.6
26.33,92.34,68,2.8
22.41,78.95,30,3
27.01,92.46,17,2.9
36.41,71.11,156,4.2
26.55,92.39,10,3.6
25.88,92.24,10,2.9
26.68,92.39,27,3.5
25.13,94.87,50,3.9
27.39,92.38,10,3.2
8.69,94.41,85,4.3
23.79,93.92,10,3.2
36.47,71.41,120,3.9
28.52,86.5,165,4.1
23.43,94.11,93,3.9
38.36,75.52,136,4.3
37.11,74.41,10,4.8
26.65,92.41,25,2.8
31.71,91.84,10,3.7
26.09,90.41,33,2.5
26.71,92.39,17,2.8
26.74,92.45,10,3.7
25.9,95.21,53.9,3.5
5.804,94.887,10,4.5
26.43,92.24,40,2.7
26.87,91.94,10,2.8
26.82,92.43,13,2.6
25.06,65.36,25,4.2
26.71,92.4,16,2.7
26.73,92.37,14,2.7
26.72,92.39,15,3.3
26.09,92.31,27,2.6
18.86,96.95,75,4.4
37.03,72.34,50,3.4
5.64,94.44,30,4.6
38,69.25,50,3.9
30.64,76.01,10,2.9
24.38,94.65,34,3.6
26.59,92.39,27,3.2
26.58,92.51,40,3.5
24.87,93.59,10,2.6
23.54,94.8,10,3.6
27.31,89.12,5,2.1
34.65,73.14,10,3.6
37.22,71.68,27,3.5
36.38,71.31,150,4.4
26.9,92.43,10,2.8
28.16,71.56,51,3.6
26.74,92.36,10,2.8
26.59,92.47,26,3.3
8.47,77.51,5,2.3
26.61,92.33,27,3.6
36.14,71.17,75,4.1
26.86,93.01,30,2.8
26.73,92.42,11,2.7
26.73,92.43,16,2.7
26.78,92.4,11,2.3
26.72,92.43,19,4.6
26.71,92.4,19,2.9
26.76,92.93,18,2.6
16.86,75.72,5,2.6
26.73,92.38,15,2.8
29.97,67.88,10,3.9
26.62,92.4,19,3
32.14,76.61,5,2.7
26.77,92.36,10,2.9
26.83,92.5,10,3.4
26.36,92.38,23,2.9
26.62,92.46,10,3.4
26.39,92.52,27,3.2
26.59,92.46,25,3.6
26.54,92.45,26,3.6
26.69,92.41,20,4
26.74,92.42,15,4.7
26.69,92.36,17,6.4
36.69,71.62,165,4.1
28.98,76.72,10,3
26.81,92.73,28,2.6
36.31,75.67,158,4.5
25.43,91.9,5,3
37.84,73.23,150,4.8
36.68,70.99,200,3.9
38.33,74.21,125,4
32.76,76.2,5,2.2
36.48,69.41,56,4.4
36.51,71.62,120,3.9
28.53,94.56,10,2.8
36.46,70.98,190,4.7
37.71,69.52,90,4.4
30.63,87.32,10,3.8
31.36,76.82,10,2.7
31.37,76.58,8,2.9
36.73,68.38,10,3.7
37.7,76.11,10,3.6
11.55,93.62,35,4.3
29.78,89.61,170,4.3
17.42,73.79,5,2.8
17.4,73.78,5,2.9
0.2,96.62,47,6
36.53,71.26,225,4.3
28.78,89.34,75,4.3
25.9,90.29,10,2.9
36.32,69.21,10,4.1
25.74,95.28,89,4.3
22.48,94.08,10,4.8
28.08,93.04,10,2.6
37.21,72.27,10,3.9
37.96,72.68,70,4.2
20.73,76.83,16,3
32.3,98.83,10,4.6
32.35,78.7,10,3.6
37.32,72.44,10,3.6
30.01,79.6,10,2.5
32.43,78.82,100,4.4
32.31,76.39,10,2.9
32.28,76.29,10,3.5
28.81,76.79,10,2.4
19.28,83.38,10,3.2
36.5,70.42,10,3.4
36.23,71.19,19,4.1
23.32,94.1,30,3.1
34.19,76.63,5,3.6
0.12,96.68,30,5.3
36.27,70.55,170,4.4
36.57,71.52,176,4.3
26.24,92.82,10,2.8
32.63,75.98,14,2.8
22.75,94.56,10,3.6
30.3,70.49,10,3.9
36.65,71.56,10,3.4
39.91,72.49,30,3.6
36.52,70.04,225,4
36.5,70.76,200,4.9
36.1,68.05,80,4.2
29.46,89.53,187,3.6
27.61,92.71,10,3.6
29.6,89.6,150,3.8
12.33,78.72,30,3
23.28,81.73,10,3.9
36.72,71.65,10,3.8
28.28,67.01,10,4.2
31.53,90.42,10,4.3
39.31,77,12,3.1
28.1,66.47,10,4.3
36.16,70.49,27,3.8
30.82,71.24,23,4
37.62,72.91,100,3.8
35.36,72.54,10,4.2
32.28,93.26,10,4.3
31.99,92.84,10,4.8
31.28,93.02,10,3.8
37.56,66.59,10,4.3
26.95,89.33,10,3.9
26.28,88.68,5,3.7
21.61,94.52,10,3.6
26.72,89.04,10,4.1
27.55,95.54,39,2.7
27.23,88.84,10,5.1
32.69,76.59,5,2.8
32.63,76.32,14,2.4
36.66,76.17,10,4.4
26.57,93.89,24,2.9
35.97,69.73,60,4.2
37.45,73.28,90,4.7
35.93,66.16,10,4.1
27.62,92.65,5,2.2
32.68,76.48,10,3
34.12,87.81,100,4.3
23.87,92.92,28,3.8
36.66,71.48,11,4.1
37.36,71.17,90,4.5
39.21,72.65,135,4.3
28.82,76.72,10,2.4
37.36,72.21,150,4.2
25.7,91.39,5,2.8
34.93,73.63,10,3.4
34.86,73.42,10,3.5
34.41,76.08,10,3.1
27.99,87.55,10,3.6
34.47,87.69,10,5.6
25.56,91.91,10,3.2
26.24,95.48,100,3.9
7.71,91.3,10,4.1
36.18,77.38,10,4.1
27.57,92.69,10,2.6
27.78,64.67,30,4.4
31.96,92.97,40,3.8
27.36,92.63,6,2.8
35.56,89.32,63,4.1
27.55,92.66,10,5
36.27,70.58,180,3.7
32.47,93.54,200,4
36.51,71.04,150,4.5
35.37,91.17,50,4.3
31.2,84.09,150,4.2
34.58,76.84,30,3.5
19.18,73.95,8,2.4
36.86,75.99,10,3.7
36.58,71.44,10,3.8
37.46,72.95,30,3.6
36.77,71.71,13,4.4
24.14,93.88,40,2.8
36.41,68.01,10,4.1
34.81,70.68,10,3.8
33.64,76.28,10,3
20.17,94.26,10,3.8
25.24,95.02,10,3.3
31.9,92.79,40,4.4
26,90.48,10,2.7
31.52,84.9,200,3.9
32.739,70.177,10,4.2
31.81,90.49,150,3.9
26.64,92.45,10,3.1
26.53,92.58,25,4.1
25.85,95.08,10,4.2
36.42,71.37,10,3.8
32.15,93.47,10,3.8
22.66,91.79,10,3.5
23.01,93.12,17,3.3
34.63,83.49,42,4.7
36.95,71.33,160,4.6
38.34,74.11,10,3.6
28,88.92,75,3.5
32.42,93.94,80,3.8
32.83,73.65,10,3.6
31.79,93.05,79,4.2
31.78,92.81,100,5.8
37.91,71.5,140,4.7
27.75,85.71,10,3.6
30.08,86.39,10,4.1
26.08,94.4,18,3.5
36.37,71.12,10,3.8
26.91,89.21,5,3.8
34.99,73.48,10,3.4
38.13,73.52,10,3.8
16.45,94.46,50,3.8
37.57,69.78,30,4.5
26.36,90.13,10,2.8
28.62,66.59,10,4
26.13,92.71,5,3.1
27.4,87.98,10,3.7
35.08,72.13,10,3.9
23.91,94.29,20,3.1
22.75,94.51,50,3.3
36.35,70.85,41,4.3
27.38,88.76,15,2.1
24.1,93.38,50,2.8
26.25,95.23,80,3.2
26.38,95.98,110,3.6
27.1,90.48,6,2.7
22.48,95.81,10,3.8
36.49,71.56,41,3.8
22.14,78.64,20,2.8
32.7,76.62,5,3.4
36.34,70.8,180,4.5
32.72,76.6,5,2.8
36.49,72.4,230,3.9
27.2,92.37,10,2.8
25.36,94.74,60,4.7
32.64,76.5,10,3.5
36.12,72.16,10,4.3
25.29,94.97,97,4
32.95,75.83,5,3.5
32.92,75.88,5,3.6
38.68,73.67,10,4
36.52,71.65,10,4
33.03,73.6,10,3.8
38.98,70.17,10,3.3
35.01,78.18,10,3.5
34.04,79.37,10,3.7
33,75.86,5,2.9
36.5,71.17,200,4.4
37.5,72.44,150,4.3
36.63,69.31,38,4.4
39,72.84,10,3.4
34.53,79.04,10,3.6
39.82,70.95,10,4.2
36.2,69.6,150,4.3
36.55,70.95,217,3.8
37.56,68.55,90,3.8
37.01,71.47,82,4.2
31.38,86.83,10,3.6
25.17,95.31,10,2.6
27.69,91.8,10,2.8
36.25,71.51,110,4.3
37.47,72.43,17,3.7
39,75.16,10,3.5
26.78,93.05,15,2.7
26.41,92.29,15,2.9
6.91,94.62,90,4.2
24.69,93.11,25,3.7
21.51,94.9,10,3.6
28.69,87.98,20,3.9
28.91,86.65,100,4.1
36.16,70.96,90,3.8
38.63,71.99,10,3.6
36.38,71.55,125,4.3
23.03,94.12,10,3
37.16,72.66,10,4.5
36.42,71.98,10,3.8
26.19,92.05,30,3.6
22.79,96.05,30,3.9
35.875,71.393,100,4.3
22.99,95.47,19,4.1
23.02,95.64,17,3.6
25.21,94.37,48,3.3
22.53,96.48,10,4.2
22.91,95.81,10,4.5
36.45,71.85,24,3.6
32.85,76.22,5,2.4
32.32,76.29,5,2.2
25.89,64.78,37,4.3
19.95,91.03,24,4.8
26.02,95.45,83,4.2
37.4,75.89,10,4
28.72,77,10,1.9
23.98,94.1,94,3.4
27.42,92.65,10,2.6
26.298,92.896,10,2.8
36.484,70.684,155,3.9
37.63,69.18,10,3.9
24.87,94.89,5,2.8
37.37,70.09,74,3.8
28.2,88.16,10,3.7
37.86,72.59,10,3.6
28.6,68.91,140,5
37.25,71.5,10,3.7
23.44,94.38,105,4.3
32.64,76.2,5,2.8
27.9,87.3,10,3.4
24.1,93.58,5,2.4
29.88,80.29,8,4
28.21,87.25,55,3.4
25.55,91.96,50,2.8
36.73,71.69,10,3.8
23.59,94.56,50,3.7
27.15,88.97,5,2.6
34.54,69.19,110,4.3
36.61,71.58,110,3.6
36.62,74.56,10,3.7
17.75,73.55,6,3.3
31.07,78.06,5,2.2
36.71,71.01,220,4.4
36.73,71.31,20,3.6
26.71,92.63,10,4.7
34.44,69.55,180,4.6
12.04,94.78,10,4.2
34.43,77.68,5,3.5
35.53,68.94,10,3.9
25.41,85.35,5,3.5
9.42,93.48,10,4.1
37.62,73.12,50,4.3
25.32,93.83,30,3.4
36.443,70.309,266,4.2
1.03,98.59,10,4.7
22.02,93.79,10,3.5
28.57,87.39,67,3.6
28.91,76.99,5,2.7
31.32,76.87,10,3.2
36.34,71.2,100,3.9
28.27,93.39,10,2.9
37.98,72.58,110,3.9
38,73.58,74,6.3
38.32,73.66,100,4.5
30.1,69.7,290,4.3
37,72.32,234,4.7
22.814,94.524,50,3.7
36.78,70.61,97,4.9
39.55,73.74,10,3.6
23.7,93.1,30,3.1
36.13,71.39,160,4.4
36.05,71.87,200,4.3
36.41,71.19,50,3.5
27.95,87.91,90,4.5
26.99,92.54,5,2.3
36.87,71.97,10,3.9
36.57,71.39,139,3.9
26.57,93.14,30,3.7
39.51,71.55,10,3.6
29.44,74.4,24,3.5
34.22,73.61,30,3.5
39.27,74.29,10,4
37.9,93.3,10,4.2
28.95,73.52,5,3.5
20.98,97.66,10,4.5
36.55,70.5,10,3.7
29.01,77.28,5,1.8
29.03,86.55,10,3.9
27.86,88.14,10,4
36.4,77.09,10,4.6
28.62,87.38,124,4.8
36.53,70.66,10,4.2
23.45,94.21,5,3.4
4.94,95.76,10,4
39.34,71.91,63,3.6
34.33,78.3,10,4.5
36.35,70.87,138,4.2
36.06,76.25,10,4.2
28.66,84.09,40,4.2
36.08,69.45,10,4.3
36.73,71.07,10,4.2
37.17,71.5,169,4.6
28.75,87.45,151,4.9
36.35,71.37,10,4.1
24.84,94.35,35,4
36.62,71.58,16,3.9
26.28,95.73,110,3.6
39.53,72.43,10,3.5
19.53,77.13,5,3.2
26.85,93.31,30,2.7
19.56,77.67,10,3.4
28.36,89.76,10,4
39.68,74.78,10,3.4
32.222,76.418,10,2.8
28.66,77.13,15,2.8
25.96,95.66,16,3.5
38.38,71.84,150,3.7
35.36,73.71,16,3.6
26.27,95.69,10,3.8
28.73,76.92,10,2.7
18.33,73.91,12,2.6
25.14,93.87,15,3.3
28.59,77.01,5,1.9
27.51,93.21,11,3.5
37.08,71.57,90,5.3
27.79,95.04,10,3
39.65,73.238,10,3.2
36.77,68.12,230,4.5
26.42,93.41,5,2.3
24.34,94.95,21,3.9
28.6,77,5,1.9
36.36,71.25,188,3.8
24.84,94.72,10,2.8
36.48,70.82,203,4.4
36.53,77,156,4.2
36.31,70.22,10,3.7
22.02,94.5,10,3.5
36.63,72.42,67,3.8
36.55,72.74,110,4.3
37.84,72.26,195,3.9
34.3,74.53,5,3.6
39.96,77.11,10,3.6
36.39,71.02,10,4
7.62,94.72,120,4.5
36.12,69.51,10,3.7
35.3,73.59,34,3.8
24.31,93.75,28,2.7
34.61,80.896,221,3.6
20.03,72.82,5,3.5
24.29,96.77,10,3.7
37.48,75.11,10,3.5
26,96.53,10,3.9
23.62,93.5,25,3.2
23.65,93.46,55,4.4
35.94,71.12,200,5.3
33.03,75.93,10,4.1
36.42,72.22,100,3.8
1.26,96.42,10,4.3
24.96,93.24,15,4.2
28.86,77.49,5,2.9
22.64,94.58,98,3.8
36.38,70.25,163,3.8
37.3,72.34,135,4.3
19.68,90.75,118,4.3
36.37,71.14,250,4.5
33.34,75.47,5,5.1
33.22,75.58,5,3.8
36.47,70.6,150,4.2
36.49,70.75,147,4.5
27.21,89.92,10,3.1
37.35,72.23,220,4.2
36.75,71.39,230,3.9
22.93,94.22,50,3.5
37.39,72.04,85,3.7
32.31,76.3,10,4.2
30.79,78.58,10,3.3
20.13,84.25,5,3.2
36.47,71.46,10,3.6
37.16,71.34,130,4.1
29.85,79.77,10,3.3
22.56,69.65,20,2.7
6.99,93.91,72,4.4
37.17,72.09,99,3.9
23.06,94.26,32,3.7
26.95,92.93,8,2.5
32.35,76.61,5,3.2
34.28,74.52,5,3.5
26.21,90.94,5,2.5
26.52,93.03,10,2.8
35.89,70.17,250,4.1
20.095,72.928,5,2.4
32.51,76.4,30,2.6
36.94,72.11,121,4.5
21.79,74.7,5,3.3
30.59,79.28,5,2.4
23.03,94.04,10,3.2
24.45,94.86,98,3.1
27.32,88.62,5,2.6
24.19,93.85,40,3.1
27.07,89.16,5,2.8
34.7,72.92,10,4.7
27.69,86.33,100,3.9
35.78,71.51,150,4.2
28.49,91.96,112,3.1
18.88,95.26,64,3.8
37.31,71.84,45,4.2
36.66,71.31,221,3.9
24.65,94.53,40,3.1
27.41,96.55,10,3.5
16.15,93.07,50,4.1
37.39,71.82,186,3.9
25.7,94.7,30,2.8
26.06,95.38,120,3.6
37.96,73.54,50,3.8
28.7,77.04,5,2.3
25.47,96.25,100,3.9
27.11,88.34,5,2.5
36.28,69.35,50,4
25.69,96.55,198,3.9
25.79,96.46,150,3.6
25.58,96.53,100,4.6
38.24,71.72,10,4.2
26.1,93.01,5,3
34.21,97.99,10,4.6
24.51,94.94,123,2.8
37.13,71.71,10,3.9
27.17,96.05,150,3.7
16.36,94.45,219,3.9
36.81,71.93,16,3.7
36.15,69.08,25,4.7
37,71.6,150,3.9
33.66,76.64,5,3.7
32.69,76.42,5,2.4
22.98,93.77,10,3.4
36.32,71.67,10,4.2
36.7,70.89,239,4.4
29.66,80.53,5,2.9
21.73,94.35,10,4.1
36.79,72.03,10,4
36.96,72.07,10,3.7
36.61,71.31,173,4.4
28.19,76.67,25,4.2
24.15,93.74,36,3.2
27.4,75.43,5,3
35.14,70.27,10,4.2
36.82,72.53,101,3.7
27.7,94.2,10,3.1
37.12,73.53,10,4
37.22,73.49,10,4.3
31.49,76.84,5,3.2
23.82,93.11,57,3.4
39.34,75.8,100,3.7
38.66,73.35,50,4.2
36.66,68.94,50,4.3
21.22,95.49,13,3.7
35.92,68.92,50,4
31.98,77.35,10,2.4
24.45,73.26,5,2.3
36.62,71.23,10,4.1
36.27,72.18,33,3.8
26.85,94.42,10,2.6
26.88,96.18,10,3.3
26.46,94.58,5,2.6
36.54,71.24,10,3.9
23.89,92.88,40.1,3.2
10.97,76.1,10,2.5
21.59,90.31,10,4.1
15.49,94.06,10,4.2
25.87,90.52,10,3.9
37.04,71,10,4.4
26.54,96.66,145,4.1
26.703,95.313,10,2.5
24.98,95,27.7,3.1
22.11,94.2,87,5.2
28.96,76.99,14,3.3
32.72,76.62,5,2.6
36.25,73.74,10,3.6
36.81,71.84,10,4
12.79,93.14,10,4.3
32.71,76.65,5,2.8
39.07,75.73,65,3.6
37.856,66.942,15.8,4.3
35.972,70.623,167,4.3
36.46,71.44,150,4
39.49,75.7,10,4.1
26.92,92.67,10,3.4
36.42,71.26,119,4.3
30.11,80.56,5,2.6
22.14,86.05,63,3.9
3.09,97.92,144,5.2
34.49,75.95,10,3.5
33.1,72.67,10,3.9
27.49,94.34,60,3.1
38.296,75.376,169,4.3
28.79,77.46,5,2.7
30.03,77.95,10,3.9
36.36,70.59,232,4.2
31.56,72.84,10,3.6
36.7,71.58,20,3.9
33.72,88.6,200,4.1
36.14,71.06,200,3.6
36.54,71.2,263,5.2
36.35,71.39,115,4.4
0.12,97.66,10,4.5
37.17,71.75,23,3.9
28.53,87.32,50,4
27.96,93.88,10,2.6
22.37,94.13,25,3.8
26.31,94.63,23.2,4.4
21.89,79.45,10,2.7
21.89,79.8,10,1.8
21.78,79.84,10,2.4
22.1,79.55,10,4.3
36.29,70.88,100,4.6
24.14,98.37,125,3.9
25.45,94.35,5,2.8
25.49,94.33,16,2.7
35.07,70.14,214,4.3
24.92,94.88,30,4
36.15,70.82,10,4.3
25.45,94.29,11.8,2.8
38.12,74.44,10,4.1
36.56,68.75,19.4,3.9
36.4,68.93,10,4.9
36.63,71.15,164,3.8
36.33,71.25,185,3.9
25.33,94.19,10,2.7
36.08,69.64,25,4.7
36.35,70.15,100,4.4
38.25,70.21,150,4.8
25.3,72.73,10,3
31.16,78.13,5,2.5
30.92,78.01,5,3.3
31.04,75.95,10,2.9
37.03,72.35,44,4.2
25.51,90.67,10,2.7
19.92,72.88,5,2.4
23.53,94.5,30,5.2
30.29,67.65,70,5.4
5.7,95.8,10,4.9
36.6,72.04,90,4.3
26.59,93.24,11,2.8
39.52,74.04,10,4.1
28.67,91.83,30,3.1
39.6,74.35,10,4.4
12.13,93.46,10,4.3
26.45,93.61,11,3.7
28.02,87.74,10,4.1
37.01,71.3,85,4.7
37.26,72.05,10,4.3
28.35,84.28,10,3.6
23.88,94.54,25,3.7
36.47,70.81,200,4.1
20,72.9,5,2.5
35.34,71.05,100,4.2
32.7,75.84,5,4
31.21,78.26,15,2.8
36.03,71.62,240,4.4
20.16,72.88,5,2.8
24.6,93.56,29,3.4
20.19,73.07,5,2.8
26.28,93.09,10,2.9
31.61,78.54,5,2.4
36.83,72.26,95,4
38.67,70.48,10,5.5
36.35,72.57,49,3.6
20.11,73.04,5,2.9
20.12,72.978,5,2.3
22.86,94.41,80,4.3
20.31,73.05,5,2.8
26.49,94.98,5,2.7
20.17,72.91,8,3.1
20.13,72.82,5,3.4
20.2,72.89,10,2.8
20.23,72.95,5,2.4
39.25,71.84,10,3.1
21.89,79.57,12,3.4
20.14,72.88,5,3.4
27.85,84.97,10,4.3
33.44,75.67,10,3.4
33.48,75.62,10,4
37.29,71.91,164,4.6
24.09,94.11,46,3.4
28.65,96.26,10,4.2
21.55,73.15,10,4.2
10.44,93.26,71,3.6
14.45,92.34,53,4.2
33.6,72.44,10,3.7
35.58,71.18,10,4.3
33.5,75.64,10,4.1
33.28,75.85,10,2.8
35.37,75.54,37,3.8
28.78,76.78,5,2.1
25.12,96.34,106,4.1
32.87,76.2,11,2.9
34.77,76.82,30,3.1
28.29,91.74,10,3.3
36.61,71.75,10,4.1
38.54,69.69,147,4.2
20.06,72.92,10,2.2
20,73.15,10,2.5
23.85,94.58,170,3.4
20.03,72.92,10,1.8
24.39,92.53,20,3.5
29.91,68.75,10,4.2
0.35,98.51,135,4.6
35.49,73.28,10,3.7
25.69,91.15,10,4.4
36.48,70.8,235,4
23.54,95.08,18,3.3
22.92,93.01,10,3.6
20.07,72.91,5,1.5
38.94,70.85,10,3.5
26.36,64.06,10,4.3
32.97,78.55,10,3.5
25.49,66.58,10,4.3
26.043,71.498,10,2.4
27.44,96.3,10,3.4
30.48,91,56,3.5
38.39,77.1,10,4.2
28.21,92.43,67,3.4
34.56,78.17,10,3.8
25.2,94.76,10,3.1
22,79.7,10,3.5
22.13,78.37,10,3.2
22.01,79.55,10,3.1
20.39,97,5,3.6
39.03,75.8,150,4.3
36.53,71.5,35,4.2
35.59,74.95,16,3.3
23.27,94.6,10,3.5
22.93,95.99,10,3.6
20,72.89,5,2.4
32.02,76.22,6,2.3
37.72,71.65,150,5.1
31.93,76.25,5,2.5
37.19,70.52,10,4.1
29.31,80.94,10,3.8
36.26,71.33,90,4.2
36.36,70.83,129,4.6
38.8,68.49,10,4.2
34.95,76.15,10,2.1
25.86,71.4,10,2.9
21.92,79.5,15,3.3
30.35,69.4,10,4.3
31.21,77.74,10,3.5
39.93,71.07,74,4.4
36.13,71.97,10,4.8
29.96,78.95,10,2.7
36.49,71.43,50,4.1
36.81,72.4,50,4
31.26,83.67,10,3.9
39.63,73.89,10,3.8
24.57,93.58,27,3.2
19.95,72.88,5,3.2
19.96,72.87,5,2.4
27.22,88.68,5,3.6
26.48,95.2,70,3.2
35.28,72.09,20,4.3
27.4,86.54,150,3.6
36.57,71.61,50,3.9
31.35,76.84,7,3.2
23.44,92.08,50,4.1
36.18,71.26,10,3.7
28.36,97.47,10,3.6
25.83,91.54,10,2.9
39.29,64.48,10,4.4
32.86,75.88,5,2.7
36.14,72.16,121,4.5
20.02,72.89,5,2.2
34.89,66.96,39,4.1
37.53,67.95,57,4.3
37.82,69.09,87,3.9
20.01,72.9,5,2.3
20.01,72.9,5,2.7
29.64,88.3,10,4
20.02,72.91,5,2.1
36.12,70.63,84,5
23.31,93.6,20,3.6
3.85,96.43,50,4.3
36.4,70.18,130,4.3
38.29,75.21,136,4.5
27.43,96.56,15,4.2
25.61,93.98,20,2.3
37.55,72.71,105,4.4
37.16,70.51,237,4.3
20.02,72.92,5,2.5
38.14,70.6,10,4.2
39.46,72.91,10,4.4
3.1,96.33,10,5.1
37.23,72.14,117,4.2
37.45,71.75,10,3.6
35.5,75.78,10,3.6
38.45,76.27,10,3.7
32.95,72.53,10,3.9
37.22,72.16,10,4.5
37.68,72.18,160,4.1
38.21,77.08,10,4.3
31.79,68.73,40,4.3
26.46,93.52,12,2.7
36.57,70.52,19,4.8
32.61,94.24,25,4.1
36.62,71.26,10,5.2
29.32,68.19,100,4.5
24.65,93.59,36,3.5
36.77,72.57,10,4.6
36.26,71.82,104,4.1
3.78,95.9,10,4.9
32.7,76.47,5,2.4
19.57,73.14,5,2.8
36.55,70.64,143,4.1
35.21,68.79,10,4.1
36.9,72.17,10,3.7
31.21,77.93,5,3.1
36.97,71.49,90,4.5
23.24,93.89,82,4.1
36.72,72.81,10,3.8
25.13,94.96,10,3.4
19.93,72.82,5,2.3
27.82,97.39,121,3.8
36.24,71.4,148,4.8
25.32,97.45,10,3.7
4.5,96.63,149,4.7
27.31,75.48,5,2.2
24.57,93.49,52,3.8
30.155,70.245,30,4.5
3.4,95.96,10,4.5
27.2,92.07,10,2.5
24.65,93.51,30,2.8
24.69,93.47,28,5.3
28.78,76.71,8,3
19.99,72.84,5,2.6
23.17,93.16,5,3.6
1.23,98.57,10,4.4
27.66,91.88,10,3
24.62,94.52,10,3.4
32.8,76.53,5,3.3
32.85,76.76,5,2.5
32.81,76.59,5,2.4
32.82,76.56,5,2.1
35.36,75.81,10,4.2
36.21,68.92,10,4.1
19.94,72.91,5,2.8
32.3,80.29,10,3.9
29.74,95.78,10,4.1
20.2,72.94,5,2.4
33.81,78.72,10,3.3
39.76,73.88,10,3.8
25.33,94.44,10,4.3
36.78,71.75,94.3,4.2
19.98,72.88,8,3.5
39.53,73.46,10,4.4
34.03,78.89,10,4.4
34.46,79.46,10,5.1
28.86,76.73,10,2.5
39.09,71.49,10,3
27.56,67.66,10,4.2
36.5,71.19,10,3.8
26.13,91.22,10,3.9
36.9,77.09,10,3.4
36.41,71.27,20,4
36.31,70.82,80,3.9
26.78,89.33,10,3.7
36.66,71.37,10,4
32.93,75.87,10,2.7
35.17,68.81,81,4.3
31.21,78.54,5,2.9
34.5,77.14,22,3.2
27.27,91.93,10,3.6
27.35,92.11,5,3.5
20.06,72.9,5,2.4
33.17,75.91,10,2.4
33.22,75.82,5,4.2
30.81,85.72,137,4.5
36.32,71.07,177,4.9
36.49,70.62,235,4.3
26.37,66.22,50,4.3
34.34,78.36,10,5.1
32.41,76.14,10,2.8
36.57,71.24,143,4.3
34.7,74.22,10,4.5
35.41,69.51,37.6,4.5
33.28,68.12,130,4.3
34.8,78.05,10,3.7
34.86,78.05,10,3.6
34.28,78.2,5,2.6
34.96,78.59,21,5.4
36.35,70.4,214,4.1
36.55,73.94,10,3.7
33.72,72.61,85,4.3
36.48,70.34,213,4.2
24.66,94.26,65,2.9
20.06,72.91,3.5,2.6
34.15,74.7,5,3.6
20.06,72.9,8,2
20.07,72.9,10,2.1
20.01,72.79,5,3.5
26.27,91.2,71,4.2
31.18,78.51,10,3.5
27.22,92.67,10,3.2
20.12,72.98,5,2.4
20.05,72.93,10,2.4
20.17,72.95,5,2.8
23,93.65,45,4.6
27.15,90.04,10,2.9
25.23,93.94,19,2.9
26.24,90.15,10,3.8
32.74,76.36,5,2.8
37.64,72.45,12,3.8
37.93,74.19,10,3.6
23.41,94.51,20,4.3
37.92,73.82,10,5.1
36.14,69.7,10,4.1
29.65,68.69,116,4.6
35.53,94.67,10,4.8
36.35,72.28,200,4.4
16.67,75.96,10,3
25.44,93.59,31,2.7
27.74,85.82,10,5.3
25.38,95.06,155,3.7
20.05,72.9,5,2.7
31.68,93.73,120,4.2
39.58,74.69,10,3.9
39.62,73.88,10,4
36.55,71.75,145,3.9
19.96,72.86,5,2.9
34.02,64.92,130,4.8
32.39,76.39,10,2.5
4.41,96.8,140,4.8
15.8,96.39,80,4.3
17.28,73.71,5,2.5
27,92.14,10,2.9
24.65,96.06,5,3.6
35.77,69.5,329,3.9
19.89,62.95,276,3.5
39,92.18,10,5.3
27.21,87.92,10,4.2
37.4,72.29,171,3.9
19.99,72.83,5,3.6
33.33,75.62,5,2.9
20.02,72.67,10,2.5
19.94,72.7,10,2.2
19.95,72.76,10,3.5
19.98,72.77,10,2.6
19.94,72.79,10,2.6
19.99,72.7,10,2.8
19.84,72.41,10,3.5
27.76,87.8,10,3.5
33.03,73.63,10,4.3
23.99,94.81,114,3.8
37.34,72.07,190,3.8
33.02,73.63,10,3.6
37.93,72.78,10,3.6
28.12,89.95,10,3.1
27.39,88.81,10,2.8
36.75,72.27,10,4.6
37.19,72.02,10,4
20.05,72.9,10,3.2
20.08,72.85,5,2.3
20.01,72.89,10,2.6
20.01,72.8,5,2.5
20.01,72.8,10,3.8
38.07,73.99,90,4.4
10.46,92.03,20,4.2
13.22,93.18,20,4
20,72.82,1.8,3.1
26.44,93.42,32,3.1
1.87,90.92,46,4.7
26.47,95.85,10,4.3
19.99,72.8,5,3.5
27.83,92.24,10,3.4
9.88,94.01,82,4.3
19.99,72.88,5,2
19.96,72.83,5,2.7
19.99,72.88,5,3.6
19.98,72.85,5,3.6
25.68,90.29,10,2.4
19.9,72.83,10,2.8
24.5,94.49,32,2.4
23.16,70.25,5,3.3
31.89,93.56,150,3.8
3.63,96.03,10,4.7
19.96,72.81,5,2.5
36.37,71,170,4.3
26.37,96.67,190,3.4
24.88,95.03,130,5.1
25.22,94.42,50,3.7
35.31,81.05,230,4.3
28.09,88.14,65,3.8
34.34,68.23,150,4.6
36.19,69.55,427,3.7
36.87,76.23,330,3.9
35.84,71.35,210,4.3
34.37,70.1,40,4.3
25.92,94.61,21,2.5
36.9,72.23,10,4.5
23.27,93.24,10,3.7
19.95,72.82,5,2.6
33.27,72.53,10,4.4
23,93.27,5,3.3
27.51,92.8,5,2.5
27.93,92.03,5,3.4
27.13,92.48,10,3.4
23.17,93.21,25,4.1
23.16,93.18,25,3.6
23.16,93.2,30,5.3
36.19,72.05,250,4
36.39,71.36,190,5.1
23.79,88.36,10,4.1
35.663,82.446,10,4.6
29.44,80.84,10,3.8
30.61,78.89,10,3.4
25.63,96.44,90,4
27.7,96.79,120,3.7
30.42,87.46,20,4.4
23.25,70.6,30,4.1
19.9,72.71,5,2.7
20.07,72.71,5,2.5
26.241,95.44,102,4.4
19.96,72.78,5,3.1
20.15,72.83,5,3
19.92,72.79,10,2.8
36.46,70.59,10,4.5
37.9,72.48,10,3.6
22.98,94.02,98,3.7
36.79,69.73,70,4
27.82,94.19,10,3.5
39.61,74.48,10,4.1
39.339,71.93,10,4
24.79,87.81,10,4.3
24.22,94.35,70,3.5
36.72,71.09,195,3.6
9.66,93.11,10,4.7
32.19,96.39,50,4.2
34.23,81.12,240,4.1
36.87,71.44,65,4.3
20.14,72.96,5,2.2
30.48,87.08,140,3.9
30.082,94.598,128,4.3
33,86.82,90,4.7
26.67,92.79,40,2.6
24.57,94.7,35,2.8
30.89,95.47,10,4.5
28.07,66.33,140,4.5
39.68,73.91,165,4.5
36.8,71.29,250,3.9
17.35,73.69,5,2.9
36.15,71.32,90,3.3
36.67,70.29,212,3.6
29.73,94.66,165,3.7
29.66,94.2,195,4.1
25.24,65.37,10,4.3
36.79,70.72,10,3.1
37.35,72.17,10,4
23.12,93.24,10,4
25.87,93.27,14,2.5
38.57,69.747,10,4.9
30.41,94.54,10,4.2
30.43,94.73,10,4.3
39.23,95.28,10,4.5
28.16,67.02,10,4.5
28.12,66.49,30,5.4
30.37,95.79,178,4.6
37.29,71.92,160,4.3
39.04,74.73,10,4
25.22,94.28,30,3
29.66,95.73,183,3.5
20.87,94.86,80,4
29.56,94.93,35,3.7
30.46,94.83,30,4.8
24.11,93.8,15,4
36.7,70.18,190,3.6
19.92,72.81,3,2.9
31,80.12,10,3.9
36.632,70.146,248,3.6
39.845,77.225,10,4.1
30.299,94.709,10,4.4
29.65,94.49,200,4.1
36.88,70.94,200,3.5
27.37,88.85,10,3.8
36.37,68.96,90,4
28.16,77.24,5,2.1
30.1,94.56,10,4.3
19.18,84.11,16,3.8
26.6,92.59,10,3.5
24.61,94.89,81,3.8
36.5,70.66,85,3.6
27.65,75.76,26,3.1
36.07,71.35,200,3.5
36.26,69.1,70,4.2
27.24,92.08,20,3
39.93,70.27,130,3.6
28.807,76.719,5,2.9
38.83,71,10,3.9
31.47,90.22,140,4.2
36.58,70.87,150,3.8
26.75,97.38,253,4
36.02,69.16,10,4.8
32.88,86.7,10,4.2
24.36,93.59,30,3.5
21.44,72.81,5,3
36.72,70.53,35,3.4
36.2,71.07,10,3.1
37.01,72.03,80,3.3
39.77,77.3,10,4.8
37.475,72.094,184,4.1
36.69,70.17,178,2.8
35.38,69.39,10,4.4
34.57,82.23,10,4.2
34.44,81.77,10,4.1
36.98,71.45,80,4
36.52,71.08,30,3.3
29.91,94.45,20,4
36.59,70.9,130,3.5
32.94,86.72,10,4.5
37.62,70.78,65,3.6
30.01,94.56,10,4.3
36.43,70.09,10,3.1
30.13,95.08,10,3.9
30.041,95.095,10,4.3
31.28,74.57,11,3.1
28.25,88.06,147,4.3
29.91,94.64,145,4.3
32.67,69.8,86,4.1
29.72,95.15,153.1,4.4
36.28,71.08,10,3.6
25.99,94.96,16,3.6
25.58,94.19,5,2.8
19.964,72.843,6,2.8
36.7,70.16,176,3.1
23.22,93.26,10,4.4
36.47,70.9,10,3.9
36.75,71.21,10,4.8
30.21,94.65,154,4.8
24.56,94.55,60,3
32.592,76.346,10,3.1
30.08,94.56,30,4.6
32.574,67.136,10,5.4
25.09,95.04,10,4.1
0.73,98.71,10,4.9
30.69,95.73,10,3.8
33.38,93,10,4.2
36.01,71.163,85,4.2
29.2,94.29,160,4.2
37.66,75.82,10,3.9
23.03,94.38,95,4
30.25,94.78,10,4.5
28.12,65.16,10,5
23.27,93.53,10,3.8
26.18,93.04,25,3.5
29.14,77.18,10,3
33.05,75.89,5,3
19.96,72.83,5,3.1
37.49,68.06,30,4
37.34,69.38,40,3.2
36.66,71.36,150,4.2
32.82,86.68,200,4.6
38.48,69.35,10,3.2
38.59,69.86,30,3.4
36.18,71.2,10,3.8
30.21,96.81,10,4.6
33.1,86.73,10,4.5
24.69,95.04,10,3.8
34.6,71.51,10,4.2
33,86.8,10,6.2
36.58,70.53,10,3.9
39.09,69.29,10,2.9
32.302,76.629,3,2.9
32.301,76.629,5,2.7
36.513,70.819,192,4.2
33.85,72.28,180,4.1
36.53,71.14,196,3.9
36.47,70.95,18,3.8
30.29,94.8,46,4.5
12.76,95.44,10,4.2
30.33,94.75,35,4.6
37.42,72.12,204,4.7
33.01,75.87,5,3.5
36.23,69.38,198,4.2
31.13,70.22,30,4.4
30,93.75,10,4
30.28,94.72,32,4.4
36.48,70.7,230,4.3
23.24,93.29,20,3.2
24.98,94.63,10,3.5
17.36,73.92,10,3.5
30.43,94.86,35,4.8
35.94,77.21,40,4.1
21.33,95.3,30,3.7
36.41,70.27,10,3.8
37.33,71.62,10,4.2
35.41,70.67,10,4.5
29.9,95.19,10,3.1
37.29,74.76,10,3.9
37.39,74.64,10,4.3
21.81,97.21,10,4.4
36.99,71.37,90,3.6
23.31,93.48,10,3.5
37.28,71.95,130,4.3
24.74,92.6,63,4
36.69,71.33,190,4.7
11.77,95.17,10,5.7
11.48,95.42,10,4.5
23.19,93.27,80,3.7
23.29,93.35,78,5.1
8.87,95.49,185,5
11.91,95.14,10,5.6
11.47,95.12,62.3,5.1
23.17,93.22,10,4.2
35.39,69.42,150,4.6
11.85,95.65,10,4.5
11.73,95.02,10,4.8
32.99,75.88,5,3.9
36.76,71.41,150,4.3
24.14,94.6,80,4.5
33.03,75.9,10,4.1
23.98,96.6,10,3.6
26.49,90.12,11,2.6
24.54,92.4,18,4.1
22.21,70.93,10,4.5
24.65,94.92,15,3.7
31.69,76.21,10,2.3
34.29,70.04,65,3.7
36.97,72.48,134,4.5
36.26,70.38,180,4.2
36.36,70.29,250,3.4
36.39,69.43,10,3.3
37.42,68.56,10,3.5
23.32,94.35,72,3.9
36.37,71.17,121,5.5
26.56,94.87,10,3.5
26.36,91.57,60,2.5
5.31,94.31,10,5.2
36.01,83.46,30,4.3
14.64,93.11,27,4.3
36.659,67.898,60,3.6
37.01,73.1,150,3.7
36.76,71.01,150,3.6
39.19,72.56,10,3.3
37.99,69.16,10,3.3
36.29,70.99,108,5
38.35,73.03,50,3.5
37.44,72.25,174,4.3
36.58,70.66,178,4.1
36.68,70.7,260,4.3
37.3,71.9,141,4.4
28.99,98.73,86.4,4.4
36.89,70.44,215,3
37.33,68.15,30,3.8
36.62,69.92,84,3.4
23.3,93.18,10,4.3
39.34,69.34,149,4.5
25.5,91.47,5,2.5
36.67,71.51,150,3.6
26.34,93.15,35,2.7
35.87,70.78,130,3.4
11.68,93.38,150,4.4
32.98,73.54,10,4.3
37.64,71.88,143.4,3.4
37.39,71.02,60,2.8
28.36,92.12,170,3.4
37.52,77.72,100,4
31.24,78.46,7,3.2
33.05,73.56,5,4.3
34.36,68.98,90,4.7
36.74,71.36,200,4
36.77,71.33,200,3.8
38.02,77.75,150,4.2
23.24,93.24,77,4.6
23.56,70.36,27,3.9
36.28,71.52,30,4.2
36.44,71.15,30,3.7
38.11,74.17,134,4.7
35.43,82.21,150,4.2
36.5,71.01,150,4
39.5,71.05,70,5.4
28,76.69,35,4.7
23.02,93.53,25,4.6
39.85,77.01,66,4.3
37.79,69.85,15,3.2
36.45,71.1,70,3.9
35,71.6,30,4.2
32.95,75.86,5,3.6
32.93,75.88,5,4.4
32.74,69.74,60,4.1
36.39,71.11,120,4
36.05,71.56,252.7,4.2
37.11,71.89,180,4.5
25.99,92.2,5,2.6
25.37,91.58,8,2.9
33.14,76.03,5,4.6
36.82,71.36,167,3.8
33.13,75.82,10,4
28.86,76.47,8.6,2.4
28.83,76.73,5,1.8
37.04,71.47,85,5
34.27,71.87,10,4
36.65,70.93,18,3.5
36.86,72.78,80,4.3
25.1,94.3,59,2.3
25.81,90.33,6,3.9
24.74,94.4,60,4
12.98,92.7,45,4.1
28.92,76.58,5,2.4
37.24,72.42,100,3.8
35.05,81.15,170,4.4
36.51,69.92,75,4.9
36.23,70.53,10,3.6
20.96,94.32,68,4.5
36,74.82,25,4.5
25.38,89.43,10,3.3
28.83,76.77,10,2.8
35.72,82.35,10,4.5
35.58,82.35,173,4.3
35.64,82.56,40,4.4
35.31,82.46,10,5
35.57,82.42,10,6.1
35.54,82.23,174,4.6
36.49,70.56,240,4
24.83,92.54,58,2.8
26.17,94.24,6,3.8
28.98,76.72,7,2.2
23.26,93.34,136,4.5
23.47,94.07,100,4.2
33.14,70.71,60,4.3
33.13,70.7,10,4.3
28.83,76.75,5,2.8
37.48,69.42,10,3.1
23.18,93.25,10,4.1
22.89,93.64,10,3.2
23.01,93.03,25,3.7
19.54,77.1,5,3.3
37.1,71.66,125,3.3
38.73,70.7,10,4.8
19.33,83.14,5,3.6
25.77,94.54,6.6,2.8
37.66,71.53,30,4.1
23.22,93.24,20,5.5
37.09,71.16,58,4.3
35.99,69.25,140,3.9
32.33,85.48,102,4.6
23.88,93.09,30,5.1
33.32,73.66,10,2.6
28.76,76.81,10,1.8
39.09,68.89,10,3.4
36.59,70.96,30,3.4
28.84,76.75,5,2.3
37,72.15,140,4.7
22.82,94,80,5
32.62,71.34,291,4.4
36.49,70.06,247,4.4
35.87,71.08,98,4.5
6.56,92.81,10,4.8
28.81,76.73,5,2.1
36.57,70.75,10,3.4
25.34,63.66,10,4.7
20,72.8,10,2.5
36.6,70.9,180,4.4
31.14,72.06,18,3.9
33.93,70.57,14,3.6
19.07,94.1,21,4.9
36.48,70.96,230,5
33.02,75.85,5,3.9
36.1,69.8,88,3.9
34.1,75.7,10,3.6
23.4,70.3,15,3.5
36.2,70.5,178,3.5
23.3,70.4,10,4.1
33,75.9,5,3.9
33,75.9,5,3
33,75.9,5,3.2
33,75.9,5,3.4
33.1,75.8,5,2.3
36.2,70.9,150,3.8
33,75.9,5,2.9
23.3,70.4,10,5.3
36.5,69.6,130,3.8
38.4,73.4,114,3.9
23.2,93.6,48,5
26.7,96.2,112,4.4
36.9,71.4,95,4.2
24.4,93.7,30,2.9
39.6,74.8,45,4.2
38.6,68.5,60,3.6
30,69.5,35,4.3
32.9,72.6,10,4.2
34.29,72.58,31,4.4
26.4,91.3,10,3.4
31.8,69.9,30,4.4
38.3,74.6,150,4
38.2,74.1,150,4.6
39.9,74.7,30,3.4
24.7,94.9,110,3.6
37.4,76.7,60,4
32.2,76.3,10,2.6
32.6,76.1,5,2.5
34.2,70.6,150,4.7
20.1,72.8,7,2.8
19.2,72.2,10,3
14,92.3,50,4.3
25,93.9,28,2.9
28.8,91.9,10,4.5
29.7,60.8,10,4.7
38.1,76.1,145,4.2
28.85,76.76,19,2.1
37.9,72.6,124,4.2
28.7,76.7,5,1.8
36.1,70.7,160,3.7
1.8,97.2,10,4.9
35.258,90.868,10,5.4
35.44,72.25,270,4.8
37.5,72.3,159,4.2
37.6,71.3,255,3.9
25.6,91.4,10,2.3
36.2,71.2,62,4.1
28.4,77.5,4,3
36.7,71,15,3.5
24.8,91.1,55,4.3
25.1,93.8,23,3
37,71,200,3.5
24.7,96.3,100,3.9
19.5,77.1,10,3.4
28.2,91.9,10,3.5
30.8,78.7,5,2.8
28.8,76.7,10,3
28.7,76.7,5,1.8
32.2,74.5,10,3.3
25.1,94.9,82,4
36.4,70.9,130,4
27.8,84.9,40,4.1
35.08,78.33,15,4.2
36.9,70.7,227,4.2
25,64.5,10,4.6
23.2,93.8,5,3.2
28.8,76.7,10,2.9
28.8,76.7,15,4.5
36.4,70.2,220,4.2
11.7,92.4,10,4.5
35.3,79.3,150,4.3
28.4,77.4,10,2.5
36.5,70.7,149,4.3
36.2,70.7,16,3.6
36.7,71.7,70,3.4
34.4,70.6,10,4
38,69.3,15,3
38,69.3,12,4
34.38,70.45,84,4.4
37.9,72.7,160,4.8
36.7,71.5,146,4.2
31.1,92.62,10,4.8
24.4,93.6,32,2.6
24.4,93.7,40,5.2
35.9,68.9,32,3.7
36.1,70.8,90,3.4
33.3,67.8,30,4.6
34.4,70.2,38,4.4
35.8,70.9,78,4.9
36.7,72.8,184,3.9
37.3,72.4,150,3.9
37,71.9,140,3.9
14.2,94,80,4.7
11.5,93.4,10,4.1
32.7,85.6,130,4.4
36.9,71.5,180,4.3
23.6,94,16,3.4
32.6,85.6,148,4.7
36.2,78,10,4.1
36.4,70,30,4
24.84,95.11,137,3.8
37.87,69.52,30,4.5
32.8,85.6,153,4.3
25,94.9,113,3.6
27.2,92.4,10,2.3
37.6,72.4,100,4.6
36.4,69.8,70,4.8
27.88,75.82,20,3.2
23.9,94.3,22,4
36.9,71.9,233,4.3
32.3,76,5,3.5
32.7,76.7,5,3
20.57,95.84,60,4.7
25,94.7,110,3.2
1.1,92.2,45,4.9
36.7,71.3,248,4
36.4,70.9,140,3.9
31.5,77.4,10,3.8
32.8,72.6,30,4
36.3,71.2,92,4.6
25.5,91.6,10,2.2
36.5,70.5,196,4.5
26,62.3,30,4.9
37,72,90,4
28.7,77.2,22,2.2
30.3,65.5,10,4
36.3,71,170,3.8
36.7,71,125,3.6
29.6,70.5,175,4.1
39.7,73.7,10,3.7
39.6,73.9,40,4.7
36,70.2,237,4.2
30,87.3,178,4.1
30.6,70.9,10,4.2
36.5,67.7,10,4.2
26.1,89.9,22,2.9
26.8,93.4,10,2.8
27.7,86.1,10,4.7
36.5,70.8,140,4.3
36.43,70.87,152,4.2
24.9,93.9,47,4.4
37.1,72.3,11,3.8
23.6,94.3,120,4
36.4,70.6,120,4.1
36.6,71.3,140,3.8
36.5,70.9,184,4.6
36.2,69.6,150,4.2
28.8,77.2,5,3.4
30.6,79.1,5,2.1
26.9,93,21,2.6
37.9,72.2,80,3.4
23.9,93.1,25,2.8
21.5,70.9,20,4.3
24.3,93.8,30,3.4
36.3,70.7,130,3.5
36.5,71.5,140,3.9
28.5,87.3,30,4.3
36.1,70.7,150,3.5
36.5,70.7,179,4.4
36.5,70.3,175,4.3
32.8,76.2,10,2.4
32.8,76.1,7,2.9
26.5,92.7,34,2.7
39.9,73.7,14,3.6
15.9,94,46,4.5
39.6,74,16,5.2
25.94,90.89,6,2.9
21.45,94.89,10,3.7
27.45,93.48,10,2.7
28.4,77.4,10,2.3
24.2,94.4,84,3.5
25.8,90.6,6,3.1
27.2,92.8,10,3.6
26,92.5,5,2.6
30.7,78.7,5,2.5
37.2,71.8,117,3.3
26.3,93,46,3.5
32.5,78.8,10,3.4
20.2,72.9,10,2.3
28.9,77,5,3
24.2,82.4,10,3.8
27.2,91.4,140,3.1
36.6,71,240,4.3
25.9,95.2,100,3
26,94.8,19,3.6
32.1,89.3,20,4.3
1.4,99.6,43,5.3
30.04,80,5,2.9
39.7,77.1,217,4.2
24.7,60.9,10,4.6
39.6,69.5,125,3.9
36.48,70.6,180,4.8
32.3,76.1,19,4
36.7,70.9,266,4.3
12.3,92.8,10,4.4
19.5,77.2,9,3.4
30.2,77.5,23,2.4
37.2,71.5,102,4.6
37.2,71.5,167,4
27,88.8,10,4
36.96,72.29,10,3.9
27.8,91.1,5,2.6
32.5,76.4,5,2.4
30,69.7,30,4.4
30,69.6,10,4.6
36.3,71.2,150,4
34,72.2,10,4.2
37.9,68.5,141,4.9
37.4,68.7,10,4.5
37.4,68.7,10,4.5
38,73.9,125,4.2
36.1,71.7,206,4.8
37.6,68.6,10,4.8
24.1,95.67,10,4.1
36.1,68.7,10,4.5
37.6,68.84,5,4.4
33,76.2,5,3
29.8,84.1,10,4.2
37.3,72,170,3.9
20.6,78.6,10,3
21.5,94.4,10,3.9
37.2,71.7,151,4.2
36.2,70.9,210,3.7
39.2,71.5,10,4.7
30.4,79.3,5,3.3
36.4,70.7,195,4.2
33.5,70.8,65,4.1
9.5,93,10,4.7
28.9,76.7,10,3.2
29.5,76.3,5,3.1
29,70,190,4
38.62,70.3,40,4.3
31.67,67.27,167,4
20.35,93.19,10,4
33.1,76.3,10,2.6
31.5,93.4,10,4.3
28.9,76.7,10,2.9
25.81,90.23,22,3.8
32.69,97.42,10,4.2
29.9,79.8,5,2.4
36.3,71.3,178,4.4
37.5,72.4,179,4.2
22.6,93.7,64,3.6
36.7,71.2,92,4.6
36,71.9,303,3.7
37.6,73.4,10,3.5
27.6,93.7,10,4.2
38.7,73.1,140,3.5
39.9,71.3,10,3
37.5,72.2,210,4.4
36.3,70.7,144,4.5
33.2,75.9,5,3
33.3,71.5,18,3.8
22.6,94,70,5.9
39.7,74.6,10,3.1
28.7,77.1,10,2
36.7,71.6,172,4.4
27.4,86.5,10,4.4
35.7,71.1,136,4.3
31.1,71.8,205,4.6
36.7,71.6,140,4.7
3.8,96.2,75,4.5
37.3,72.3,160,4.4
37.2,71.8,98,4.4
33.3,69.5,10,4.2
27.7,92.7,15,3.7
36.3,71.9,140,4.5
29.6,82.9,10,3.9
25.1,91.8,34,3.3
22.9,93.9,115,3.7
12.1,92.8,16,4.3
30,80,5,3.6
37.4,71.7,192,4.3
28.7,77.2,5,2.7
37,71.7,150,3.8
32.2,72.6,10,3.9
28.7,77.2,8,3.5
39.8,77.02,10,4
36.7,70.9,272,4
29.3,70,10,4.1
37.4,68.6,10,4.2
39.8,77.5,116,4.5
36.5,70.8,176,4
36.4,70.8,10,4
37.6,74.4,100,4
36.7,71.1,300,3.8
30,80,5,3.1
35.68,70.86,150,4
36,70.3,109,4.7
33.3,76.6,10,3
27.3,91.6,10,2.8
24.7,94.8,102,3.7
36.7,71.4,204,4.7
36.5,68.2,96,4
32.6,96.3,10,4.1
28.6,77.6,15,2.4
32.7,76.1,2,2.2
25,94.3,40,3.3
27.3,91.7,32,3.7
23.5,87.1,15,4.1
32.6,71.2,10,3.4
39.7,73.9,10,4.7
37.2,72.2,21,4
31.2,78,5,2.8
27.3,88.6,5,3.2
32.9,86.6,10,4.5
24.7,94.1,49,3.1
27.6,92.7,5,3.1
20.2,72.9,10,2.6
29.5,95.4,10,4.4
37.4,71.9,127,4.2
32.8,74.3,199,4.2
29.6,77.6,5,2
33.1,76.17,5,2.6
2.87,95.82,10,4.7
20.2,72.9,5,2.2
26.3,93.5,13,2.5
36.7,71.2,191,4.1
36.3,71.2,86,4.6
36.3,71.2,113,4.6
36.5,70,92,4.3
36.4,70.1,198,4.6
28.4,85.7,20,4.2
32.3,76.6,5,3.1
32.3,97.2,10,4.5
36.6,70.9,232,4.5
26.7,93.4,5,2.5
20,72.9,10,3.1
26.8,92.7,12,2.9
26.4,92.7,38,4.3
31.7,68.8,99,4.2
29,76.7,8,2.5
36.7,71.4,236,4
36.66,71.13,250,4.1
34.2,70.1,10,4.2
32.7,85.5,10,4.5
35.5,74.8,60,4
32.6,85.4,10,4.8
30,87.6,194,3.8
36.6,72.2,56,4
23.9,92.4,31,2.5
26.2,93.1,26,3.2
12.3,76.7,40,3.2
36,70.4,180,4.3
27.3,92,15,2.9
36,72,186,3.5
26.2,97,20,3.6
38.2,83.7,10,4.2
32.8,85.6,10,4.2
32.9,97.9,10,4.5
37.7,73.6,165,4.2
20,72.8,18,3
30,80,5,3.3
32.5,97.2,10,4.2
33,98.8,10,5.3
36.1,71.5,88,4
34.6,72.9,15,3.7
25.71,91.74,15,3.2
39.7,72.5,147,4
37.2,71.7,114,4
36.6,71.1,201,4.9
38,74.07,150,4.1
32.7,76.1,5,3.6
39.4,73.6,10,4.1
32.7,76,5,2.9
36,69.8,158,4.5
32.7,76.1,5,2.5
24.9,93.6,16,2.6
32.9,76,10,2.5
32.7,76.1,5,2.5
32.7,76.1,10,4.5
39.81,77.3,30,3.9
39.27,71.96,80,3.1
32.73,76,3,2.6
27.35,91.19,10,2.8
32.75,76.14,3,2.3
25.9,91.1,13,2
35.1,73.4,10,3.5
32.8,76,5,2.4
36.5,70.3,224,4.1
36.68,71.26,200,4.8
27.2,91.96,15,2.7
37.49,72.5,180,4.6
26.5,93.4,11,2.5
32.65,76.26,2,3.2
32.95,76,3,3.1
32.73,76.2,3,3.6
32.74,76.17,3,2.4
32.38,76.78,3,3
32.73,76.25,3,2.6
32.75,76.08,3,4.2
32.72,76.18,3,3.5
32.73,76.23,3,2.6
32.74,76.22,3,2.9
32.74,76.2,5,2.9
32.73,76.23,3,2.9
31.5,72.1,21,4.5
38.6,71.2,207,4.6
36.3,71,104,4.5
37.7,77.3,33,3.8
36.4,70.4,150,4
25.6,93.4,25,2.8
25.1,91.9,39,2.4
24.5,94.5,30,3.8
34.8,86.1,240,4
28.6,87.3,10,4.2
28.6,87.3,10,3.7
24.7,95.1,126,3
8.2,92.4,10,4.5
28.6,77,6,2
32.9,73.6,22,3.4
27.8,76.5,10,3.3
25.77,94.16,15,2.8
25.7,94.2,20,2.8
36.4,70.7,200,4.2
25.6,97.3,155,3
37.3,72.3,10,3.5
25.5,91,5,2.9
37.2,72.1,154.5,4.3
23.2,94.3,118,4.5
37.1,71.9,230,3.9
18.4,82.3,10,4
30.8,78.9,56,3.2
36.7,72.2,172,4.5
36.1,70.6,304,4.1
37,71.8,10,3.7
36.8,71.4,10,3.4
35.8,70.7,10,3.5
27.2,92.8,5,3.2
28.6,87.3,10,5.6
36.8,70.7,15.8,3.1
38.9,72.5,45,4.4
38,74.2,90,4
8.8,93.9,40,4.2
20,72.9,10,3.3
31.2,79.2,5,3.3
34.8,72.3,39,3.7
34.3,69.6,150,4.2
32.5,85.3,150,4
25.5,90.9,10,3.2
34.4,85.9,10,4.4
36.5,69.8,10,4.3
26.9,75.3,39,3.1
36.8,71.4,10,4.1
32.5,85.5,51,4.5
28.2,84.2,10,4.1
36.9,71.2,160,4.4
29,95.2,30,4
27.7,91.1,10,2.9
36.3,70.8,180,4.2
27.2,92.1,19,2.5
38.9,70.5,10,3.7
35.9,69.3,150,4.4
32.7,85.5,10,5
32.5,85.2,130,4
32.5,78.6,10,4.1
38.2,74.1,166,4.2
30.7,78.6,10,2.6
3.5,97.6,190,4.7
36.9,72.8,250,3.9
37,71.5,10,3.9
36.7,71.3,180,4.2
32.8,85.6,10,4.1
27.8,94.3,10,2.5
20,72.5,10,2.9
25.7,94.5,10,2.7
32.4,85.4,186,4.3
32.8,85.5,33,4.6
32.6,85.3,10,4.8
32.7,85.5,10,5.3
19.9,73,10,2.3
20.9,81.8,30,4
36.7,71.3,39,3.5
29.9,79.9,5,2.4
32.8,85.5,10,4.5
34.4,73.3,15,3.6
36.8,75.6,10,4.2
35.9,70.4,349,4
23.2,96.1,48,4.5
34.8,73.3,18,3.7
40,70.3,10,3.7
36.2,71.3,10,4.2
35.7,77.6,110,3.6
24.7,94.3,14,3.4
34.1,71.5,269,4.1
27.8,66.3,30,4.5
29.5,67.5,10,4.1
27.3,94,8,2.8
25.6,96.9,13,4.3
36.6,70.9,239,4
31.4,94.8,140,4.1
33.3,75.6,5,3.4
36.5,70.8,110,4.1
24.3,96.5,10,4.2
25.9,90.8,0.8,2.4
17.2,93.7,30,4.5
38,74.2,200,4.3
24.2,94.7,160,3.6
36.2,71.6,150,4
32,89.4,10,4.2
37.6,72.2,158,4.2
33.7,80.4,10,4.8
35.02,69.73,38,3.4
36.2,71.3,200,4.1
31.3,77.4,5,3.2
27.9,94.2,5,3.2
26.5,92.1,10,4.2
36.5,71.3,180,4
33,76.2,10,3.2
37,71.3,110,3.7
24.7,91.8,10,2.8
33,76.1,10,2.8
35.7,70.6,50,4.3
32.9,76.1,10,4.1
33,76.1,5,3.1
35.2,71.9,80,4.7
31.4,77.4,5,2.7
36.3,71.4,110,3.2
36.2,70.2,100,4.1
33,76.1,10,3.6
19.5,77,29,2.5
33,76.1,10,2.7
33.4,76.3,10,5.2
25.5,91.1,5,3
32.9,76,5,3.6
37.2,72,125,4.8
31.8,77.3,5,2.2
36.4,77,231,3.9
24.4,90.3,100,3.7
25.5,91.7,14,2.7
24.8,91.7,10,3.8
28.9,76.7,6,2.4
24.4,94.4,73,3.2
25.8,97.2,10,3.8
37.56,71.6,200,4.1
25.5,97.4,39,3.8
36.59,70.45,160,4
37.3,71.9,180,4
26.2,92.6,28,2.8
25.7,94.9,30,3.4
23.9,94.3,26,3.4
37.1,71.8,113,4.8
27.4,91.9,5,3.4
33.2,75.9,9,2.9
39.7,77.5,10,5.1
36,71.2,10,3.7
24.9,91.4,10,2.9
19.8,88,10,4.7
25.5,92.8,15,3.3
34.4,85.7,10,4.8
36.2,72.2,180,4
29.5,81.5,10,3
38.7,71.8,80,4.5
30.3,85.6,33,4
37.41,72.46,100,4.6
31.5,77.5,5,2
36.7,71.5,169,4.2
33.8,75.9,17,3.6
25.6,93.8,8,2.6
34.4,76.1,8,2.2
35.5,74.7,74,4.1
36.1,74.9,10,4
36.2,70.05,180,4
36.26,71.85,150,3.5
34.7,77.6,10,3.6
34.58,77.66,10,3.2
26.3,93.1,30,2.9
24.6,94.7,17,2.7
36.6,71.9,200,3.5
28.6,76.6,9,2.3
39.5,73.3,10,3.2
39.5,73.3,10,4.2
22.94,93.36,3.4,2.8
25.28,94.84,127,2.9
21.7,93.5,30,3.5
26.2,92.9,27,2.5
25,94.6,76,3.6
36.6,72.6,90,3.9
36.32,71.28,200,4.2
39.4,73.5,10,3.5
26.6,92.2,5,2.6
37.1,70.9,230,3.7
30,87,10,4.4
38.6,70.12,40,3.8
36.2,70.4,150,3.5
4.6,83.5,10,4.5
17.8,93.7,10,4.1
24.9,95,120,3
36.6,71.4,213,4.3
36,70.6,127,4.4
37.2,72.2,70,4.2
32.9,73.6,10,3.5
11,92.8,10,3.2
13.3,93.2,19,4.3
22.9,94.6,13,3.5
32.8,76.5,5,2.6
23.1,94.7,20,4.1
20.3,93.7,10,3.8
12.6,93.2,10,4.3
33.2,76.3,10,2.5
36.3,70,150,3.9
26.3,90.8,13,2.9
24.7,94.7,35,2.8
25.56,93.08,20,2.6
26.3,90.7,10,5
29.8,80,20,4.7
23.37,94.15,10,3.2
28.98,76.71,5,2.1
23.65,93.53,10,3.7
11.22,93.62,10,4.9
18.5,73,10,2.5
36.4,71.1,110,3.4
7.3,73.7,10,4.5
26.2,65.9,37,4.4
32.8,70.3,10,3.8
36.3,71.2,107,5.2
22.1,94,203,4.4
32.6,78.9,16,3.6
34.5,70.7,122,4.9
33.4,64.9,86,4.5
32.8,76.4,5,2.5
37.4,72.2,150,4.5
39.6,73.9,30,3.7
23.2,94.3,180,4
39.8,72.1,10,3
38.1,73.3,10,3.7
36.4,71.3,90,4.4
36.3,71,10,3.7
38.32,75.27,198,5
28.8,95.5,49,5.1
31.7,75.8,19,2.4
34.8,65.6,10,4.7
31.06,66.38,190,4.7
24.6,97.8,10,4.4
20.1,72.8,9,3.3
39.8,77,76,4.7
36.9,71.9,40,3.5
12.3,94.3,17,3.5
25.4,94.7,90,2.6
33.2,76.3,10,3.3
20.1,72.8,13,3
28.9,91.8,10,3
30.1,96.1,32,3.8
28.6,91.7,10,4.5
10.8,93.5,10,4.3
24.53,94.95,120,4
36.5,71,130,4.6
0.5,91.83,10,4.8
33.5,75.5,10,3.3
16.47,93.18,103,5.2
7.5,92.2,17,5.1
33.9,69.54,160,4.8
29.4,81.8,15,4.2
36.6,71.6,98,4.6
24.7,92.2,98,3.6
30.7,70,160,4.8
27.1,92.3,10,3.1
35,73.4,67,3.7
35.5,74.8,10,3.6
24.9,91.7,40,4.6
25.9,90.3,7,3.2
33,75.9,5,3.5
16.8,79.9,10,4.7
32.84,76.42,10,2.6
27.7,92.7,10,2.8
39.97,77.47,150,4
25.7,91,10,2.6
25,93.8,30,2.4
31.9,94.9,10,5.4
36.2,69.7,130,4.5
36.6,70.9,195,4.8
22.6,95.4,79,3.8
37.5,72.2,180,5
29.2,86.5,193,4.3
39.2,71.6,10,5.6
37.4,72.4,120,3.8
32.6,99.9,10,3.9
36,72.3,306,4.2
33,98.6,36,4.8
20.5,93.4,25,4.8
36.3,70.1,145,3.6
27.1,94.1,36,2.8
8,94.4,110,4.7
32.8,76.1,5,2.2
32.7,76,5,3
28.2,92,10,3.2
28.5,91.7,10,4
20,72.8,10,2.5
23,94.2,20,3.6
26.2,96.2,160,2.9
36.4,73.9,15,3.8
39.3,78.5,88,3.8
32.8,73.3,10,3.4
32.6,76,5,2.5
36.6,70.6,180,4.3
27.2,92.3,5,2.3
34.7,72.8,10,4
34,61.2,10,4.6
19.8,98.7,10,5.1
39.8,77.4,138,5
38.5,77.4,136,4.8
39.29,77.39,105,5
39.5,77.4,140,5.2
39.7,76.7,140,6
32.4,76,10,3.3
31.6,93.5,10,4.6
26.4,66.5,10,4.6
39.11,71.33,58,3.9
25.1,95.6,33,3.2
36.52,71.06,150,4.7
34.5,71.02,160,4.6
39.69,77.24,10,5.2
36.09,85.46,189,4.8
24.8,94.4,65,3.6
25.5,95,104,3.2
28.4,95.3,10,2.7
39.8,73.2,10,4.3
33,76.1,5,3.2
29.6,76.4,10,2.8
23.7,94.1,87,4.3
9.6,84.2,10,4.2
29.4,81.8,16,3.7
29.36,81.71,100,4.6
29.04,81.81,75,3.5
32.3,76.2,5,3.4
34.8,74.6,10,5.3
27.7,67.4,80,4.7
26.3,90,15,2.7
26.9,92.7,25,2.9
32.8,73.5,123,4
36.7,71.6,155,4.3
38.7,70.5,30,4.1
28.6,92,10,3.5
37,71.6,150,4.6
2.5,96.5,10,6.1
25,92.3,15,3.8
23.9,94.6,34,3.5
31.2,77.1,10,3.6
36.1,71.2,200,4.7
24.1,94.2,10,2.9
35.8,75.2,10,3.3
40,72.2,10,4.5
26.2,89.9,10,3
28.5,92,10,3.9
27.1,92,20,3.2
25.27,65.35,10,4.8
32.7,76.5,5,3.4
32.7,76.5,5,3.7
35.7,74.9,10,3.8
33.9,66.2,90,4.1
34.1,60.3,10,5.2
36.4,74.2,90,4.6
25.5,93.8,30,2.9
32.8,75.5,10,3.1
28.7,87.9,10,3.9
27.6,92.7,10,3.5
29.8,80.5,10,3.1
36.1,69.5,40,3.4
38.78,73.48,10,3.8
26.1,93.3,40,2.9
39.11,73.24,350,4.5
35.5,74.8,94,4.5
35.5,74.7,10,4.2
35.5,74.8,10,4
35.5,74.8,63,5.4
35.5,75,10,3.6
35.5,75.1,36,4.6
35.5,74.9,10,5.5
35.5,74.7,10,4.7
6.8,94.6,103,5
35.7,77.3,10,4.6
26.6,95,22,3.1
26.7,93.8,23,3.5
0.9,92.9,10,4.8
19,87.4,10,4
39.5,71,220,4.4
39.7,95.7,10,4.5
23.1,96,10,3.8
25.5,91.3,10,3.5
26.6,88.8,32,3.2
36.7,71.3,220,4.2
7,92.4,10,5
20,72.7,10,2.3
35.8,69,187,4.6
24.9,94.2,36,3.3
32.9,76,5,2.8
24.1,93.7,66,3.1
33.2,69.6,10,4.6
36.3,71.2,91,4.5
36.5,70.5,190,6.3
36.5,68.5,10,4.5
28.1,87.9,108,4.7
34.7,79.7,67,4.6
36.8,74.6,169,4.6
31.8,86.8,471,4.6
36.6,70.5,290,4.5
37.7,71.8,280,4.2
26.92,92.56,82,2.7
33.4,71.6,76,4.7
37.7,75.8,158,4.7
37.6,75.5,100,4.2
35.6,70.5,10,4.4
32.3,76.3,10,3
25,95.2,60,3.8
36.5,70.7,37,3.9
24.1,93.8,10,3.5
33.4,71.7,200,4.2
26.9,85.9,96,4
25.2,94.8,94,3.9
37.6,72.6,150,4.1
34.6,75.1,72,3.3
20,72.8,10,3.9
23,94.3,50,3.3
20,72.7,10,3.4
30.5,79.6,14,4.4
20,72.9,4,3.2
27.77,85.52,143,4.6
36.8,78.8,30,4.4
39.88,77.94,10,4.6
36.55,71.32,206,4.2
33.5,74,42,3.3
36.36,71.54,237,4.4
37,72.3,22,4.3
36.1,69,10,4.1
12.6,94.9,10,4.1
28.3,87.5,101,3.9
36.1,70.7,63,4.3
32,75.6,11,2.6
36.2,77.7,167,4.4
36.4,71.2,170,4.1
30.5,79.3,5,3.2
26.94,67.34,10,4.7
28.6,76.7,10,2
35,77.6,10,2.6
36.5,71.3,184,4.5
29.91,80.46,10,2.7
25.7,95.1,75,3.8
35.9,68.4,36,4.6
38.9,71.1,33,4.4
23.5,94.1,10,3.1
37.2,72.1,235,3.4
37.3,71.8,192,4.6
36.4,70.8,115,5.1
0.8,98.3,35,5
36.4,70.9,280,4.5
32.7,76.2,5,3.2
36.9,67.1,37,4.7
24.9,92.4,10,2.6
8.4,94.6,176,4.8
37,70.7,250,4.1
23.1,93.7,12,4.5
24.6,94.2,57,2.9
36.7,71.4,250,4.4
36.7,73.8,58,4
13.7,93.2,10,4.6
25.5,67.8,120,4.5
28.4,76.7,12,2.1
36,77.8,140,4.4
24,94,128,3.5
23.2,95.9,10,5.5
37.5,71.8,72,4.1
30.3,84.4,10,4.6
27.7,85.8,122,4.5
14.5,92.8,10,4.4
28.1,87.8,20,4.4
36.1,70.9,109,4.4
19.1,94.9,10,5.5
19,94.9,10,4.6
24.1,94.3,10,4.2
34.5,73.2,10,4.1
24.5,92.4,10,3.2
28.3,94.5,10,3.1
36.6,71,99,4.8
25.7,93.3,5,3.8
2,92.9,10,5.1
37.3,72.7,456,4.2
30.4,79.3,10,3.4
37,72,10,4.9
19.9,72.8,10,3.3
32.9,91.9,10,4.2
25.4,94.5,20,3
16.9,95.2,10,4.2
25,94,25,3.7
36.3,71.8,235,4.4
26,91.2,17,4.3
20,72.8,10,3.5
37.5,72.3,135,4.9
37.3,71.7,10,4
38.1,74,185,4
35.3,73.2,10,4
24.4,94.1,45,3.1
19.9,72.9,10,4
26.4,92.7,30,3.8
29.4,81.2,33,5
20,72.8,5,2.9
23.6,70.3,10,4
26.7,92.7,48,2.8
11.4,92.9,10,4.8
26.7,94.1,10,2.2
38.2,69,10,4.1
7,94.5,10,4.6
29,76.9,6,2.7
7.2,94.4,10,5.1
38,68.8,10,5.1
24.9,94.2,38,3.3
31,69.9,24,3.4
26.5,92.7,25,3.8
37.2,74.3,25,4.5
36.6,71.1,237,4.2
27.2,95.3,10,2.6
27.1,91.4,21,2.7
7.2,94.9,123,5
26,91.9,10,2.4
36.3,71.6,80,5.1
26.2,93.4,48,4.6
36.5,70.9,226,4.1
32.6,75.8,10,2.4
25.8,90.2,20,3.2
32.6,75.9,10,2.3
0.97,97.5,35,4.9
29.9,80.2,10,4.5
38.5,75.8,33,3.8
32.9,73.5,10,3.8
36.6,71.2,10,4.3
24.9,92.7,20,3.3
26.4,95.5,33,3.5
37.7,72.3,35,3.9
28.1,95.5,15,3.1
28.8,77.4,7,2.7
36.2,66.7,40,4.7
36.5,70.1,200,5.1
24.3,93.5,13,3.4
35.8,76.9,10,3.9
36.5,70.9,165,4.5
20,73,10,2.9
26.4,93.3,24,3.2
36.5,70.4,195,4
28.4,83.3,116,4.2
35.9,69.5,100,4.4
31.5,77,10,3.4
27.6,90.4,10,3.3
36.4,70.4,33,3.6
37.1,71.5,33,3.7
24.2,90,39,3.8
37,72.2,10,4.5
36.8,75.5,17,4.6
20.3,71.9,20,3.5
32.7,76.4,5,3.4
28.5,88.7,16,3.8
9.3,83.8,10,4.4
29.6,82,10,3.9
28.9,76.8,7,3.2
27.3,91.5,4,2.6
37.1,72,125,4.7
36.6,71,232,4.3
36.4,70.9,270,4.2
36.5,71.2,212,4.4
30.4,87.6,200,4.4
33.1,73.3,38,3.1
36.4,72.8,92,4.1
20,72.9,5,2.7
20,72.8,10,3.7
36.3,70.3,265,4
36.5,71.2,250,4.5
19.9,72.8,10,2.9
37.7,72.3,230,4
32,77,14,2.2
36.1,78.1,30,4
19.2,95.7,10,4.7
7.9,94.4,180,4.3
27.82,87.98,10,4.1
23.5,94.5,142.6,3.1
26.7,95.1,12,3.7
28.6,76.5,5,3.3
23.2,94.3,150,4.2
33.1,74,10,4
31.1,78.7,10,3
35.2,77.8,10,3.9
27.4,92.4,10,3.1
31.2,77.8,5,3
36.4,70.7,239,4
32.9,73.4,10,3.8
28,73.4,10,4.5
37.3,72,210,4
33.1,74.5,6.8,3.4
22.7,94.5,136,3.3
32.5,73.1,33,4.2
37.5,72.8,35,3.9
33.1,76.1,5,2.6
34.4,72.6,10,4
27.5,91.5,10,4.3
38.1,74.3,35,3.4
37.9,72.8,35,3.9
33,73.6,35,3.5
32.6,76.5,11,2.3
32.6,76.9,8.4,2.4
36.6,71,35,4.7
36.5,76.6,40,3.3
37.2,69.9,37,4
24.9,94,40,4.8
25.2,94.3,29,2.8
37.7,72.5,200,4.3
30.4,79.3,10,3.3
26.5,92.4,21,3.3
11.3,91.5,10,4.8
29.9,81.5,10,4.1
11,91.7,10,4.8
25.9,90.5,5,3.2
28.1,84.6,10,4.3
33.2,73.8,10,3.4
33.1,73.7,10,6
20,72.8,10,2.8
25.9,90.4,10,3.1
19.9,72.7,10,3.4
24.2,93.6,20,4
20,72.8,10,3.2
20,72.8,5,3.5
25.9,90.8,5,3.2
28.3,84.7,10,4.5
29.6,80.7,10,4.3
36.6,70.7,250,5
30.4,79.7,14,3.6
33,76,5,3.2
24.9,94.1,30,3.3
33,76,5,2.7
32.9,76,5,3.2
32.9,76.1,5,5
33,76.1,10,4.9
32.9,76,5,3.8
26.4,92.9,10,3.3
32.9,76.1,10,3.4
26.4,93.3,14,3.5
24.7,92.9,31,3.4
28,75.7,16,3.8
23.8,88.6,33,4.3
27.4,93,27,3.5
22.8,95.5,10,5.6
26,92.4,1,3.5
13.2,93.5,10,5
26.6,96,80,5.1
24.5,92.9,75,3.5
30.8,78.4,5,3.2
26.5,93.1,42,3.7
32.4,76.3,5,2.7
8.9,93.4,10,4.6
23,70.4,10,4
20,73,5,2.5
23.9,93.7,45,4.7
25.5,94.5,58,2.9
27.3,93.4,33,3.6
36.4,70.7,200,5.1
29.72,94.18,82,4.6
34.6,77.8,15,4.2
20,72.8,10,3.2
37,71.6,94,5.5
26.7,92.5,26,3.5
27.4,84.5,39,4.6
36.5,70.1,220,6
26.1,89.9,33,3.4
36.6,71.3,190,5.4
12.3,94.8,10,4.8
24.7,94.3,40,4.1
22.5,88.1,10,3.6
24.6,94.2,54,3.5
14.5,92.9,10,4.6
-9.7963,159.596,14,7
-4.9559,100.738,25,6.9
-20.0508,-178.346,579,7
-19.2918,-172.129,37,7.3
-25.5948,178.278,624.464,6.6
-26.0442,178.381,660,7
-25.9678,178.363,630.379,6.8
7.6712,-82.3396,20,6.7
18.33,-102.913,20,6.8
18.3667,-103.252,26.943,7.6
23.1444,121.307,10,6.9
23.029,121.348,10,6.5
-21.2077,170.239,137,7
-6.2237,146.471,116,7.6
29.7263,102.279,12,6.6
-32.6922,-178.959,30,6.6
17.5978,120.809,33.729,7
-9.0618,-71.1647,622.73,6.5
-14.8628,-70.3081,236,7.2
-54.1325,159.027,10,6.9
-23.6141,-66.7236,220,6.8
11.5538,-86.9919,27,6.6
-22.5732,170.349,10,7
-22.72,170.277,10,6.9
23.3421,121.636,24,6.7
37.7015,141.587,41,7.3
-0.6831,98.6034,28,6.7
-30.0528,-177.74,24,6.6
-23.7852,-179.968,535,6.8
-4.455,-76.9395,110,6.5
-29.535,-176.729,8,6.5
-6.9291,105.251,33,6.6
52.502,-168.08,37,6.5
52.502,-168.08,37,6.5
52.6252,-168.15,19,6.6
52.48,-167.736,33,6.7
52.48,-167.736,33,6.7
52.6563,-167.917,20,6.8
35.1456,31.9095,21,6.6
37.8167,101.299,13,6.6
-7.5924,127.581,165.49,7.3
-7.6033,122.2,14.27,7.3
-4.4898,-76.8461,126,7.5
23.5414,126.48,12,6.6
56.2581,-156.492,51.6,6.9
-21.1704,174.54,535,6.9
-21.1036,174.895,527,7.3
12.1598,-87.8542,21,6.5
16.9502,-99.7877,20,7
-60.3026,-24.9992,6,7.1
-60.1023,-24.4608,7,6.6
-14.892,167.085,93,6.9
-58.3814,-23.3318,16.7,6.9
18.3521,-73.4804,10,7.2
55.2364,-157.707,33.3,6.9
55.2657,-157.68,20.74,6.9
-58.4157,-25.3206,22.79,8.1
-57.5959,-25.1874,47.23,7.5
6.4547,126.742,55.14,7.1
55.4742,-157.917,46.66,8.2
55.3154,-157.829,35,8.2
13.6989,120.713,110,6.7
7.5904,-82.8813,10,6.7
-30.2144,-177.773,25,6.5
-16.4796,-177.356,10,6.5
34.5861,98.2551,10,7.3
0.1684,96.6475,11,6.7
-17.2495,66.3745,10,6.7
38.2296,141.665,43,6.9
-21.6857,-177.064,246,6.5
-18.9204,-176.235,301,6.5
38.4752,141.607,43,7
54.7018,163.208,13.23,6.6
-28.4792,-176.619,24,6.5
-29.7466,-177.224,28.93,8.1
-29.6131,-177.842,43,7.4
-37.596,179.544,10,7.3
37.6856,141.992,43.98,7.1
-23.2787,171.489,10,7.7
-61.8484,-55.559,15,6.9
5.0074,127.517,80,7
51.2407,100.443,10,6.7
-39.3264,-74.9067,10,6.7
37.8973,26.7953,21,7
54.662,-159.675,28.37,7.6
0.9604,-26.8332,10,6.9
-27.9285,-71.3937,16,6.5
-28.013,-71.1958,21,6.8
0.8696,-29.7046,10,6.5
-6.6704,123.493,624,6.9
-4.2791,101.215,26,6.9
-4.3724,101.095,22,6.8
12.0065,124.13,10,6.6
55.1079,-158.477,28,7.8
-7.847,147.755,73,7
-5.6368,110.678,533.76,6.6
15.9163,-95.9533,20,7.4
-33.2938,-177.838,10,7.4
28.9386,128.262,165,6.6
-23.2966,-68.4204,112,6.8
38.1689,-117.85,2.7,6.5
-12.0662,166.648,107,6.6
-6.7762,129.785,96,6.8
34.1818,25.7101,10,6.5
44.4646,-115.118,12.06,6.5
48.9638,157.695,57.8,7.5
45.6161,148.959,143,7
19.4193,-78.756,14.86,7.7
38.4312,39.0609,10,6.7
6.6969,125.174,18,6.8
1.6213,126.416,33,7.1
-21.9449,-179.511,577,6.5
-18.5747,-175.272,10,6.6
6.9098,125.178,10,6.5
6.7567,125.008,15,6.6
-35.4758,-73.163,11,6.7
-3.4528,128.37,12.26,6.5
-20.3641,-178.57,591,6.6
-60.2152,-26.5801,16,6.6
-7.2822,104.791,49,6.9
-34.2364,-72.3102,25,6.8
-16.1985,167.998,181,6.6
-0.5858,128.034,18.98,7.2
-18.2242,120.358,10,6.6
0.5126,126.189,35,6.9
35.7695,-117.599,8,7.1
-6.4078,129.169,212,7.3
-30.6441,-178.1,46,7.3
13.1994,-89.3056,57.92,6.6
-5.8119,-75.2697,122.57,8
-4.051,152.597,10,7.6
-6.9746,146.449,146,7.1
-1.8146,122.58,15.46,6.8
-58.6262,-25.304,38,6.5
-14.7131,-70.1546,267,7
-2.1862,-77.0505,145,7.5
14.6802,-92.4527,66,6.7
-43.1219,42.3568,13,6.7
-30.0404,-71.3815,63,6.7
-13.336,166.875,35,6.6
2.258,126.758,43.21,6.6
-8.144,-71.587,570.41,6.8
5.8983,126.921,60.21,7
55.0999,164.699,16.56,7.3
-58.5446,-26.3856,133,7.1
-22.0629,169.733,10,6.6
-21.9496,169.427,10,7.5
61.3464,-149.955,46.7,7.1
-17.8735,-178.927,540,6.8
71.6312,-11.2431,10,6.7
37.5203,20.5565,14,6.8
49.297,-129.724,10,6.5
49.3346,-129.289,10,6.8
49.2586,-129.412,10,6.5
-21.7427,169.522,17,6.5
52.8549,153.243,461,6.7
49.2902,156.297,20,6.5
-5.7012,151.205,39,7
-18.3604,-178.063,550,6.7
-0.2559,119.846,20,7.5
-25.415,178.199,576,6.5
-31.7447,-179.373,115,6.9
-10.0207,161.503,68,6.5
-18.4743,179.35,670.81,7.9
42.6861,141.929,35,6.6
-22.0295,170.126,21.43,7.1
-11.0355,-70.8284,630,7.1
-16.0315,168.143,9,6.5
10.7731,-62.9019,146.82,7.3
-8.319,116.627,21,6.9
-18.1125,-178.153,600,8.2
-7.3718,119.802,529,6.5
51.4234,-178.026,33.93,6.5
-8.2581,116.438,34,6.9
19.3182,-155,5.81,6.9
-20.6588,-63.0058,559,6.8
-5.5321,151.5,35,6.9
-5.5024,151.402,40,6.7
-4.3762,153.2,22.86,6.8
-6.3043,142.612,20.49,6.7
-6.0699,142.754,25.21,7.5
16.3855,-97.9787,22,7.2
56.0039,-149.166,14.06,7.9
-15.7675,-74.7092,39,7.1
17.4825,-83.52,19,7.5
-7.4921,108.174,90,6.5
-54.2189,2.1628,17,6.5
-21.3246,168.671,10,7
-21.5027,168.598,13,6.6
9.5147,-84.4865,19.36,6.5
34.9109,45.9592,19,7.3
-4.2433,143.485,110.57,6.5
-15.3197,-173.168,10,6.8
-21.6484,168.859,22,6.6
-21.6971,169.148,24,6.7
-7.2168,123.074,553.81,6.7
52.3909,176.769,119,6.5
18.5499,-98.4887,48,7.1
15.0222,-93.8993,47.39,8.2
33.1926,103.855,9,6.5
36.9293,27.4139,7,6.6
54.4434,168.857,10,7.7
-49.4837,164.016,10,6.6
11.1269,124.629,9,6.5
13.7174,-90.9718,38.12,6.8
14.9091,-92.0092,93,6.9
54.0312,170.92,5,6.8
-1.2923,120.431,12,6.6
-56.414,-25.7432,15,6.5
-14.5884,167.377,169,6.8
5.5043,125.066,26,6.9
-33.0375,-72.0617,28,6.9
-22.6784,25.1558,29,6.5
56.9401,162.786,17,6.6
-23.2593,-178.804,414.5,6.9
-19.2814,-63.9047,595.98,6.5
9.9071,125.452,15,6.5
-6.2464,155.172,135,7.9
-10.3506,161.335,36,6.5
4.4782,122.617,627.17,7.3
-19.3733,176.052,12,6.9
-43.4064,-73.9413,38,7.6
-7.5082,127.921,152,6.7
-4.5049,153.522,94.54,7.9
-10.749,161.132,19.73,6.9
-10.8416,161.314,12.26,6.5
-10.6812,161.327,40,7.8
40.4535,-126.194,8.45,6.6
5.2834,96.1678,13,6.5
39.2732,73.9776,17,6.6
11.9097,-88.8968,10,6.9
37.3931,141.387,9,6.9
-42.6058,173.254,9,6.5
-42.3205,173.669,10,6.5
-42.7373,173.054,15.11,7.8
42.8621,13.0961,8,6.6
-4.8626,108.163,614,6.6
-6.0033,148.887,42,6.8
-19.7819,-178.244,596.4,6.9
-37.3586,179.146,19,7
-3.6849,152.792,476,6.8
20.9228,94.569,82,6.8
-22.4765,173.117,16.37,7.2
18.5429,145.507,196,7.7
-2.0967,100.665,50,6.6
-56.2409,-26.9353,78,7.2
-21.9724,-178.204,405.69,6.9
0.4947,-79.616,29.95,6.9
0.4261,-79.7899,16,6.7
-16.0429,167.379,24,7
0.3819,-79.9218,20.59,7.8
32.7906,130.754,10,7
23.0944,94.8654,136,6.9
36.4725,71.1311,212,6.6
-13.9805,166.594,27.59,6.7
-14.0683,166.624,24,6.7
-14.3235,166.855,26,6.9
-4.9521,94.3299,24,7.8
53.9776,158.546,177,7.2
59.6204,-153.339,125.6,7.1
18.8239,-106.934,10,6.6
41.9723,142.781,46,6.7
3.8965,126.862,13,6.5
24.8036,93.6505,55,6.7
15.8015,-93.633,85,6.6
-4.1064,129.508,21,6.9
38.2107,72.7797,22,7.2
-9.1825,-71.2574,602.75,6.7
-10.0598,-71.0184,620.56,7.6
-10.5372,-70.9437,606.21,7.6
-8.8994,158.422,12.59,6.8
38.67,20.6,11,6.5
31.0009,128.873,12,6.7
-29.5097,-72.0585,10,6.9
-29.5067,-72.0068,12,6.9
6.8431,94.648,10,6.6
-30.8796,-71.4519,46,6.8
-8.3381,124.875,20,6.5
36.5244,70.3676,231,7.5
-14.8595,167.303,135,7.1
-0.6212,131.262,18,6.6
-31.7275,-71.3792,35,6.6
-31.5173,-71.804,23,6.7
-31.4244,-71.6876,27,6.5
-31.5622,-71.4262,28.41,7
-31.5729,-71.6744,22.44,8.3
24.913,-109.623,10,6.7
-9.3293,157.877,6.43,6.5
-9.3438,158.053,22,6.6
-2.6286,138.528,48,7
52.376,-169.446,29,6.9
-10.4012,165.141,11,7
13.8672,-58.5479,20,6.5
-9.307,158.403,12,6.7
27.7375,139.725,460,6.5
27.8386,140.493,664,7.8
56.594,-156.43,72.6,6.8
-11.1093,163.215,10,6.8
-11.0559,163.696,11.19,6.9
-10.8759,164.169,11,6.8
38.9056,142.032,35,6.8
27.8087,86.0655,15,7.3
-7.2175,154.557,10,7.1
-5.4624,151.875,55,7.5
-5.2005,151.777,44,6.8
-5.375,151.771,31,6.7
27.7711,86.0173,22.91,6.7
28.2244,84.8216,10,6.6
28.2305,84.7314,8.22,7.8
-15.8815,-178.6,10,6.5
-15.4994,-173.029,11,6.5
-4.7294,152.562,41,7.5
-7.2968,122.535,552.06,7
39.8558,142.881,23,6.7
-23.1125,-66.688,223,6.7
-17.0309,168.52,219.96,6.8
5.9045,-82.6576,8,6.5
7.9401,-82.6865,20,6.6
-6.5108,154.46,23,6.6
6.1572,123.126,614,6.6
1.9604,126.575,39,6.8
2.2999,127.056,35,6.5
-37.6478,179.662,22,6.7
1.8929,126.522,45,7.1
-5.9873,148.232,53.19,6.6
-19.6903,-177.759,434,7.1
12.5262,-88.1225,40,7.3
13.7641,144.429,130,6.7
-14.598,-73.5714,101,6.8
0.8295,146.169,13,6.9
-19.8015,-178.4,615.42,6.9
37.0052,142.452,20,6.5
14.724,-92.4614,53,6.9
-6.2304,152.807,20,6.5
-14.9831,-175.51,18,6.7
-55.4703,-28.3669,8,6.9
51.8486,178.735,109,7.9
-29.9414,-177.607,26.59,6.7
-29.9379,-177.516,10,6.5
-29.9772,-177.725,20,6.9
40.2893,25.3889,6.43,6.9
7.2096,-82.3045,10,6.5
-21.4542,170.355,106,6.6
49.6388,-127.732,10,6.5
-6.7547,155.024,43.37,7.5
-6.6558,155.087,29,6.6
17.397,-100.972,24,7.2
-11.1284,162.052,10,6.6
-11.4633,162.051,39,7.4
-11.2701,162.148,22.56,7.6
11.642,-85.8779,135,6.6
-6.7878,154.95,20,6.5
-6.5858,155.048,60.53,7.1
-20.5709,-70.4931,22.4,7.7
-20.3113,-70.5756,24.07,6.5
-19.8927,-70.9455,28.42,6.9
-19.6097,-70.7691,25,8.2
-19.9807,-70.7022,20,6.7
40.8287,-125.134,16.441,6.8
27.4312,127.367,119,6.5
14.6682,-58.9272,14.83,6.5
35.9053,82.5864,10,6.9
-15.0691,167.372,122,6.5
-32.9076,-177.881,44.26,6.5
-13.8633,167.249,187,6.5
-17.1171,-176.545,371,6.5
-60.2738,-46.4011,10,7.7
-60.2627,-47.0621,9.97,6.9
-30.2921,-71.5215,27,6.6
37.1557,144.661,35,7.1
26.0913,-110.321,9.45,6.6
-6.4456,154.931,35,6.8
9.8796,124.117,19.04,7.1
35.5142,23.2523,40,6.6
53.1995,152.786,573,6.7
-30.9255,-178.323,41.54,6.5
27.1825,65.5052,12,6.8
-15.8385,-74.5112,40,7.1
26.951,65.5009,15,7.7
51.5573,-174.767,20,6.5
29.9377,138.833,402,6.5
-7.44,128.221,112,6.5
51.537,-175.23,29,7
-41.734,174.152,8.2,6.5
5.7732,-78.1999,12,6.7
-41.704,174.337,17,6.5
-60.857,-25.07,11,7.3
-6.029,149.706,56,6.6
-3.917,153.927,385.5,7.3
10.701,-42.594,10,6.6
11.763,-86.926,30,6.5
-10.004,107.236,9,6.7
52.235,151.444,624,6.7
54.892,153.221,598.1,8.3
-23.009,-177.232,173.7,7.4
18.728,145.288,602.2,6.8
-3.898,152.127,10,6.5
30.308,102.888,14,6.6
46.221,150.788,110,7.2
-3.214,142.542,13,6.6
28.033,61.996,80,7.7
-6.475,154.607,31,6.6
-3.517,138.476,66,7
-6.598,148.174,28,6.5
50.958,157.408,29,6.5
50.954,157.283,41,6.9
67.631,142.508,11,6.6
-10.994,165.741,18,6.6
1.135,-77.393,145,6.9
-10.928,166.018,21,7.1
-10.838,165.969,12,6.8
-10.997,165.655,11,6.7
-10.499,165.588,8.8,7
-11.183,164.882,10,7.1
-10.799,165.114,24,8
42.77,143.092,107,6.9
-28.094,-70.653,45,6.8
55.228,-134.859,8.7,7.5
-14.344,167.286,200.7,6.7
-6.533,129.825,155,7.1
37.89,143.949,31,7.3
14.129,-92.164,20,6.5
23.005,95.885,13.7,6.8
13.988,-91.895,24,7.4
52.788,-132.101,14,7.8
10.086,-85.298,17,6.5
-4.892,134.03,13,6.6
1.929,-76.362,170,7.3
10.085,-85.315,35,7.6
10.811,126.638,28,7.6
12.139,-88.59,28,7.3
2.19,126.837,91.1,6.6
49.8,145.064,583.2,7.7
-4.651,153.173,41,6.5
-18.685,-174.705,134.7,6.6
-1.617,134.276,16,6.7
-5.462,147.117,198,6.8
-32.625,-71.365,29,6.7
28.696,-113.104,13,7
18.229,-102.689,20,6.5
0.802,92.463,25.1,8.2
2.327,93.063,20,8.6
-35.2,-72.217,40.7,7.1
-6.242,145.955,118,6.6
16.493,-98.231,20,7.4
51.708,95.991,12,6.7
9.999,123.206,11,6.7
-17.827,167.133,23,7.1
2.433,93.21,19,7.2
51.842,95.911,15,6.6
-7.551,146.809,135,7.1
17.986,-99.789,59,6.5
-14.438,-75.966,24,6.9
38.721,43.508,18,7.1
-6.57,147.881,37,6.5
27.73,88.155,50,6.9
40.273,142.779,30,6.7
2.965,97.893,91,6.7
-20.671,169.716,185.1,7
-7.641,-74.525,147,7
-18.311,168.218,28,7.1
-18.308,168.156,35,6.5
-18.365,168.143,32,7.2
-3.518,144.828,10,6.6
-29.539,-176.34,17,7.6
39.955,142.205,33,6.7
-20.244,168.226,11,6.8
-10.375,161.2,79,6.8
37.001,140.401,11,6.6
38.276,141.588,42,7.1
17.208,-94.338,166.2,6.6
20.687,99.822,8,6.9
39.241,142.463,25.7,6.6
36.166,141.562,6.8,6.5
38.058,144.59,18.6,7.7
36.281,141.111,42.6,7.9
38.297,142.373,29,9.1
38.435,142.842,32,7.3
-35.38,-72.834,21,6.7
-36.422,-72.96,26,6.9
28.777,63.951,68,7.2
-20.628,168.471,9,7
-38.355,-73.326,24,7.2
-19.702,167.947,16,7.3
28.412,59.18,12,6.7
-6.001,149.977,33,6.6
-3.487,100.082,20.1,7.8
24.696,-109.156,13,6.7
-4.963,133.76,26,7
-43.522,171.83,12,7
-1.266,-77.306,206.7,7.1
-17.541,168.069,25,7.3
-5.746,150.765,44,7
-5.486,146.822,220,6.5
6.497,123.48,578,7.6
-5.931,150.59,35,7.3
-5.966,150.428,28,6.9
-38.067,-73.31,22,6.6
-10.627,161.447,35,6.7
-2.329,136.484,10.5,6.6
-2.174,136.543,18,7
7.881,91.936,35,7.5
-13.698,166.643,31,7.2
3.748,96.018,38,7.2
33.165,96.548,17,6.9
-10.878,161.116,21,6.9
2.383,97.048,31,7.8
32.2862,-115.295,9.987,7.2
13.667,92.831,34,6.6
-36.217,-73.257,18,6.7
37.745,141.59,32,6.5
-34.326,-71.799,18,7
-34.29,-71.891,11,6.9
-3.762,100.991,26,6.8
-36.665,-73.374,18,6.6
-13.571,167.227,176,6.5
-37.773,-75.048,35,7.4
-36.122,-72.898,22.9,8.8
25.93,128.425,25,7
18.443,-72.571,13,7
40.652,-124.692,28.737,6.5
-9.019,157.551,15.4,6.8
-8.783,157.354,10,7.1
-8.726,157.487,10,6.6
-19.394,-70.321,27,6.5
-17.239,178.331,595,7.3
-8.207,118.631,18,6.6
29.218,129.782,34,6.8
-6.133,130.385,130,6.9
-13.298,165.91,35,6.8
-13.093,166.497,31.1,7.4
-12.517,166.382,35,7.8
-13.006,166.51,45,7.7
-2.482,101.524,9,6.6
-0.72,99.867,81,7.6
-15.489,-172.095,18,8.1
-7.782,107.297,46,7
-1.479,99.49,20,6.7
32.821,140.395,53,6.6
14.099,92.902,24,7.5
33.167,137.944,292,7.1
29.039,-112.903,10,6.9
-45.762,166.562,12,7.8
-5.157,153.782,64,6.7
16.731,-86.217,19,7.3
-23.043,-174.66,31,7.6
3.886,126.387,20,7.2
-0.691,133.305,23,7.4
36.419,70.743,204.8,6.6
-0.414,132.885,17,7.7
1.271,122.091,30,7.4
14.423,-92.364,24,6.7
39.533,73.824,27.4,6.7
41.892,143.754,25,6.8
1.885,127.363,96,6.6
-13.501,166.967,110,6.9
30.901,83.52,12,6.7
39.802,141.464,108,6.8
37.552,142.214,22,7
37.55,142.714,25.5,6.9
11.005,91.824,17,6.6
39.03,140.881,7.8,6.9
31.002,103.322,19,7.9
36.164,141.526,27,6.9
-20.071,168.892,33,7.3
35.49,81.467,10,7.2
13.351,125.63,24,6.9
-2.245,99.808,25,6.7
-2.332,99.891,25,6.6
-2.486,99.972,25,7.2
-2.405,99.931,22,6.5
2.768,95.964,26,7.4
36.345,21.863,28,6.5
36.501,21.67,29,6.9
16.357,-94.304,83,6.5
-39.011,178.291,20,6.6
-22.954,-70.182,45,6.7
14.944,-61.274,156,7.4
-10.95,162.149,16,6.6
-8.224,118.467,18,6.5
-8.292,118.37,20,6.5
-5.757,147.098,53,6.8
-2.312,-77.838,122.9,6.8
-22.925,-70.237,26,6.8
-22.247,-69.89,40,7.7
-3.899,101.02,21,6.8
-44.796,167.553,18,6.8
-4.99,153.5,40,6.8
-1.999,100.141,30,6.7
-2.13,99.627,22,7
-1.689,99.668,28.9,6.5
-2.625,100.841,35,7.9
-2.52,100.139,40.5,7.8
-4.438,101.367,34,8.4
2.966,-77.963,15,6.8
-11.61,165.762,35,7.2
-9.834,159.465,15,6.5
-13.386,-76.603,39,8
-5.859,107.419,280,7.5
-15.595,167.68,120,7.2
2.872,127.464,25,6.9
36.808,134.85,350.4,6.8
37.535,138.446,12,6.6
13.554,-90.618,23,6.7
-7.306,155.741,10,6.9
-7.169,155.777,10,6.6
-8.466,157.043,24,8.1
37.336,136.588,8,6.7
-20.617,169.357,34,7.1
-1.034,126.976,12,6.7
1.065,126.282,22,7.5
46.243,154.524,10,8.1
21.974,120.493,10,6.9
21.799,120.547,10,7.1
46.592,153.266,10,8.3
-6.482,151.195,11,6.6
-13.457,-76.677,23,6.7
-5.881,150.982,32,6.7
19.877,-155.935,38.182,6.7
-16.592,-172.033,28,6.9
-6.759,155.512,38,6.8
51.148,157.522,43,6.5
-15.798,167.789,150,6.8
-9.284,107.419,20,7.7
-5.724,151.133,34,6.5
60.772,165.743,19,6.6
0.093,97.05,12,6.8
-20.187,-174.123,55,8
-19.99,-173.907,60.5,8
-27.211,-71.056,12,6.5
-27.017,-71.022,12,6.7
60.491,167.516,11,6.6
60.949,167.089,22,7.6
-16.527,176.989,14,6.5
-3.595,127.214,30.1,6.7
-21.324,33.583,11,7
36.311,23.212,66,6.7
28.164,-112.117,14,6.6
36.357,71.093,224.6,6.5
-6.224,29.83,22,6.8
38.089,142.122,29,6.5
2.164,96.786,21,6.5
-22.361,-67.895,147,6.8
34.539,73.588,26,7.6
-5.437,151.84,25,6.6
-5.678,-76.398,115,7.5
-4.539,153.474,90,7.6
38.276,142.039,36,7.2
7.92,92.19,16,7.2
1.819,97.082,21,6.7
11.245,-86.172,27,6.6
41.292,-125.953,16,7.2
-19.987,-69.197,115.6,7.8
1.989,97.041,30,6.9
0.587,98.459,34,6.7
-1.714,99.779,30,6.5
-1.644,99.607,19,6.7
2.085,97.108,30,8.6
33.807,130.131,10,6.6
-6.527,129.933,201.7,7.1
2.908,95.592,36,6.8
-5.562,122.129,10,6.5
4.756,126.421,39.7,6.5
-14.252,167.259,206.3,6.7
5.293,123.337,525,7.1
34.064,141.491,27.8,6.6
8.879,92.375,16.1,6.6
6.91,92.958,39.2,7.2
3.295,95.982,30,9.1
-49.312,161.345,10,8.1
18.958,-81.409,10,6.8
42.9,145.228,35,6.8
43.006,145.119,39,7
-3.609,135.404,10,7.1
-46.676,164.721,10,7.1
4.695,-77.508,15,7.2
-8.152,124.868,10,7.5
-11.128,162.208,10,6.7
49.277,-128.772,10,6.7
37.226,138.779,16,6.6
24.53,122.694,94,6.7
11.422,-86.665,35,7
13.925,120.534,105,6.5
-10.951,162.161,36,6.8
33.205,137.227,10,6.6
33.184,137.071,10,7.4
33.07,136.618,14,7.2
-35.173,-70.525,5,6.5
-0.443,133.091,13.4,6.5
55.682,160.003,188.6,6.9
-37.695,-73.406,21,6.6
-9.362,122.839,65.8,6.7
-13.174,167.198,228.4,6.5
36.512,71.029,187.1,6.6
-3.665,135.339,25.7,6.7
-4.003,135.023,10,7.3
-3.615,135.538,16.6,7
-3.12,127.4,17.4,6.7
-22.015,169.766,10,7.3
28.995,58.311,10,6.6
8.416,-82.824,33,6.5
35.7005,-121.101,8.382,6.5
23.039,121.362,10,6.8
-5.581,150.88,35,6.6
12.025,125.416,35,6.5
-19.262,168.892,113.7,6.6
37.812,142.619,10,7
42.648,144.57,32,6.7
50.211,87.721,10,6.7
42.45,144.38,25,6.5
50.038,87.813,16,7.3
41.774,143.593,33,7.4
41.815,143.91,27,8.16
19.917,95.672,10,6.6
-45.104,167.144,28,7.2
-60.532,-43.411,10,7.6
-3.828,152.174,33,6.5
-30.608,-71.637,33,6.8
55.492,159.999,174.8,6.9
-5.095,152.502,33,6.6
2.354,128.855,31,7
38.849,141.568,68,7
36.964,3.634,12,6.8
-8.294,120.743,33,6.5
-4.694,153.238,40.2,6.8
18.77,-104.104,24,7.6
13.626,-90.774,24,6.5
-10.491,160.77,33,7.3
-5.311,153.701,71.9,6.7
-4.786,153.275,34,6.7
63.5141,-147.453,4.2,7.9
2.824,96.085,30,7.4
63.5144,-147.912,4.2,6.6
-1.511,133.973,10,6.7
-1.757,134.297,10,7.6
13.036,93.068,21,6.5
-3.302,142.945,13,7.6
14.101,146.199,30,6.5
7.929,-82.793,10,6.5
35.626,49.047,10,6.5
-30.805,-71.124,54,6.6
-12.592,166.383,33,6.7
13.088,144.619,85.7,7.1
-27.535,-70.586,62,6.7
16.985,-100.865,24.9,6.8
24.279,122.179,32.8,7.1
-21.663,-68.329,125.1,6.5
6.033,124.249,31,7.5
36.502,70.482,225.6,7.4
-5.345,151.248,39,6.6
38.573,31.271,5,6.5
-3.212,142.427,11,6.7
-17.664,168.004,10,6.6
-17.6,167.856,21,7.2
-9.613,159.53,16,6.8
23.954,122.734,14,6.8
39.402,141.089,123.8,6.5
35.946,90.541,10,7.8
-5.912,150.196,33,7
-4.102,123.907,33,7.5
12.686,144.98,37,7
-0.578,133.13,33,6.5
58.775,-154.701,131.8,6.6
39.059,24.244,10,6.5
-17.543,-72.077,33,7.6
-16.086,-73.987,62,6.6
-17.745,-71.649,24,6.7
-16.265,-73.641,33,8.4
-7.41,155.865,17,6.7
34.083,132.526,50,6.8
-4.029,128.02,33,6.5
47.149,-122.727,51.798,6.8
1.271,126.249,35,7.1
-4.68,102.562,36,7.4
13.671,-88.938,10,6.6
23.419,70.232,16,7.7
-4.022,101.776,28,6.9
13.049,-88.66,60,7.7
56.7744,-153.281,36.4,6.9
-14.928,167.17,103,7.1
6.631,126.899,33,6.8
6.898,126.579,33,7.5
